N° de;Alimentos;Calorias;Proteína g;Grasas g;CHO D g;CHO T g;Fibra T g;Calcio mg;Fósforo mg;Hierro mg;Magnesio mg;Zinc mg;Cobre mg;Sodio mg;Potasio mg;Vitamina A ER;b Caroteno ET;Tiamina mg;Riboflavina mg;Niacina mg;Vitamina B6 mg;Acido asc. Mg
;;;;;;;;;;;;;;;;;;;;;;
1;Arroz Blanco;345;8,1;0,7;76,5;77,7;1,2;8;147;0,9;0;0;0;0;0;0;0;0,08;0,04;1,5;0;0
2;Arroz blanco cocido (sancochado);106;2,2;0,1;24;24,4;0,4;2;27;0,3;0;0;0;0;0;0;0;0,01;0,02;0,2;0;0
3;Arroz blanco. variedad Araure;353;8,6;0,6;78,4;79,2;0,8;9;78;0,5;20;1,6;0;7;58;0;0;0,07;0,02;0,8;0;0
4;Arroz blanco. variedad Cimarrón;355;6,1;0,9;80,5;81,7;1,2;11;87;0,4;33;1,6;0;7;67;0;0;0,11;0,03;1,4;0;0
5;Arroz blanco. variedad Oryzica;353;9,2;0,6;77,6;78,9;1,3;7;69;0,3;23;1,4;0,2;7;68;0;0;0,1;0,01;1,2;0;0
6;Harina de Arroz;366;7,6;0,7;82,9;82,9;0;7;157;1,4;0;0;0;0;0;0;0;0,1;0,5;2,5;0;0
7;Harina de Arroz enriquecida ;370;8,5;0,7;83;83;0;500;250;15;0;0;0;0;0;900;0;1;1,2;10;0;0
8;Arroz integral;354;8,5;1,5;76,7;80,3;3,6;14;318;2,5;0;0;0;0;0;0;0;0,42;0,08;5,6;0;0
9;Arroz integral cocido (sancochado);96;2,4;0,3;20,8;22,6;1,8;4;88;0,8;0;0;0;0;0;0;0;0;0,03;1,8;0;0
10;Arroz integral. variedad Araure;351;8,9;2,9;72,2;75,3;3,1;14;232;1;107;2,3;0,2;7;217;0;0;0,3;0,08;5,8;0;0
11;Arroz integral. variedad Cimarrón;352;6,8;2,7;75;78,1;3,1;13;184;0,9;101;2;0;7;277;0;0;0,28;0,08;5,9;0;0
12;Arroz integral. variedad Oryzica;350;9,6;3,3;70,5;74;3,5;11;288;0,9;120;2,1;0,5;7;237;0;0;0,35;0,08;5,8;0;0
13;Harina de Avena;384;14,7;8,6;61,9;66,1;4,2;81;438;4,2;131;0;0;6;268;0;0;0,41;0,09;0,8;0,2;0
14;Avena en Hojuelas ;348;9,6;7,3;61;71,2;10,2;50;370;4,8;139;4;0,53;7;348;0;0;0,55;0,14;1,1;0,16;0
15;Avena Hojuelas saborizadas ;395;5,4;5,8;80,3;80,3;0;0;0;0;0;0;0;0;0;0;0;0;0;0;0;0
16;Cebada grano entero;317;11,3;1,8;64;74;10;44;390;4;114;2,5;0,4;18;444;0;0;0,47;0,11;5,9;0,56;0
17;Harina de  enriquecida ;356;8,3;2,2;75,8;80,4;4,6;500;250;15;0;0;0;0;0;900;0;1;1,2;10;0;0
18;Cebada perlada;323;9;1;69,5;78;8,5;21;244;2;0;0;0;0;0;0;0;0,15;0,08;3,5;0;0
19;Arepa de Maíz amarillo. enriquecida;184;4,2;0,7;40,2;44,1;3,9;7;42;2,5;0;0;0;0;0;105;0;0,15;0,12;2,4;0;0
20;Maíz amarillo. grano entero;284;8,5;4;53,6;72,4;18,8;9;276;3;0;0;0;0;0;30;180;0,37;0,11;2;0;0
21;Harina de Maíz amarillo grano completo (funche);286;7,3;3,5;76;78,2;2,2;6;178;1,8;0;0;0;0;0;44;264;0,3;0,08;1,9;0;0
22;Harina de Maíz amarillo precocida ;355;7,2;1,2;78,8;82;3,2;12;76;1;0;0;0;0;0;30;180;0,11;0;0,9;0;0
23;Harina de Maíz amarillo precocida enriquecida ;355;7,2;1,2;78,8;82;3,2;12;76;5;0;0;0;0;0;300;180;0,31;0,25;5,1;0;0
24;Hojuelas de Maíz amarillo azucaradas enriquecidas;363;3,7;0,1;86,7;90;3,3;14;60;11,7;0;0;0;600;50;833;0;0,93;1,4;16;1,67;50
25;Hojuelas de Maíz amarillo enriquecidas;350;6,7;0,4;80;83,3;3,3;13;58;11,7;14;5;0,2;940;120;860;0;0,93;1,43;16;1,67;50
26;Maíz amarillo inflado azucarado enriquecido;369;5,5;0;86,7;90;3,3;0;0;11,7;0;5;0;267;133;833;0;0,92;1,42;15,8;1,67;50
27;Maíz amarillo tierno enlatado. estilo crema;77;1,5;0,2;17,2;18,9;1,7;10;40;0,6;0;0;0;0;0;11;66;0,01;0,03;0,6;0;4
28;Maíz amarillo tierno enlatado. grano entero;85;2,5;0,3;18;19,9;1,9;10;58;0,9;0;0;0;0;0;7;42;0,04;0,07;0,9;0;5
29;Arepa de Maíz blanco enriquecida;168;3,8;0,6;36,9;40,5;3,6;7;32;2,5;0;0;0;0;0;95;0;0,15;0,12;2,4;0;0
30;Arepa de Maíz blanco grano pelado con cal;196;5,7;2,5;38,5;38,5;0;75;153;2;0;0;0;0;0;0;0;0,11;0,02;0,4;0;0
31;Maíz blanco grano entero;286;9;4,3;52,8;71,6;18,8;8;295;3;0;0;0;0;0;0;0;0,37;0,11;1,9;0;0
32;Harina de Maíz blanco integral precocida ;354;7,1;3,8;72,9;78,4;5,5;7;120;2;43;1,4;0,2;0;196;0;0;0,07;0,06;1,3;0;0
33;Harina  de Maíz blanco precocida ;354;7,2;1,1;77,7;80,2;2,5;12;64;0,9;0;0;0;0;0;0;0;0,06;0,05;0,6;0;0
34;Harina de Maíz blanco precocida enriquecida;354;7,2;1,1;77,7;80,2;2,5;12;64;5;0;0;0;0;0;270;0;0,31;0,25;5,1;0;0
35;Hallaquita de Maíz blanco;130;2,6;0,3;28,6;29,3;0,7;4;20;1,8;0;0;0;0;0;0;0;0,01;0,12;2,2;0;0
36;Maíz blanco pilado;339;7,8;1,5;73,6;78,1;4,5;9;107;1,3;0;0;0;0;0;0;0;0,12;0,03;1,1;0;0
37;Harina de Maíz cariaco;360;9,5;4,1;73,7;73,7;0;12;307;3,1;0;0;0;0;0;0;0;0,09;0,13;1,8;0;0
38;Harina de Maíz tostado;364;9,9;4,6;73,3;73,3;0;20;307;4,2;0;0;0;0;0;0;0;0,18;0,11;1,6;0;0
39;Maicena enriquecida (almidón de maíz) ;345;0,6;0,2;85,6;85,6;0;8;16;3,6;0;0;0;0;0;0;0;0,5;0,2;3;0;0
40;Maíz tierno (jojoto);98;3,4;1;18,8;20,7;1,9;15;111;0,5;0;0;0;0;0;30;180;0,2;0,08;2;0;9
41;Galletas de soda;415;8,6;10,2;72,4;72,4;0;71;110;1,6;0;0;0;0;0;0;0;0,04;0,18;0,8;0;0
42;Galletas dulces (tipo María);420;7,7;9,2;77,1;77,1;0;47;132;1,5;0;0;0;0;0;0;0;0,09;0,06;1;0;0
43;Galletas integrales dulces (Honey Bran);392;8;13,5;66,8;73,2;6,4;0;0;0;0;0;0;0;0;0;0;0;0;0;0;0
44;Galletas integrales saladas (Kracker Bran);412;9,7;12,6;65;71,4;6,4;0;0;0;0;0;0;0;0;0;0;0;0;0;0;0
45;Saltines;415;10,3;9,4;72,8;72,8;0;39;134;4,6;0;0;0;0;0;0;0;0,22;0,25;4,1;0;0
46;Galletas simples surtidas;438;6;12,7;75;75;0;22;65;0,6;0;0;0;0;0;0;0;0,04;0,04;0,5;0;0
47;Pan blanco tipo sandwich ;263;9,4;3;49,6;52,2;2,6;32;99;7;0;0;0;0;0;0;0;0,35;0,49;5,8;0;0
48;Pan canilla ;295;11,4;2,3;57,1;60,2;3,1;27;120;2,9;40;3,9;0;283;131;0;0;0,18;0,26;3,7;0;0
49;Pan de centeno;257;9,2;0,7;48,1;54,6;6,5;38;178;2,8;0;0;0;0;0;0;0;0,19;0,08;1,1;0;0
50;Pan de glúten;299;17,3;1,8;54;54;0;42;131;2,6;0;0;0;0;0;0;0;0,16;0,15;1,3;0;0
51;Pan de Trigo integral;241;9;2,6;45,4;51,6;6,2;75;215;3,6;0;0;0;0;0;0;0;0,26;0,2;2,3;0;0
52;Pan de horno ;416;5,1;16,7;67,4;67,4;0;39;0;6;0;0;0;0;0;0;0;0,17;0,1;1,4;0;0
53;Panela de San Joaquín ;370;6,3;5,3;74,8;74,8;0;55;149;5,2;0;0;0;0;0;0;0;0,06;0,1;0,2;0;0
54;Pastas no enriquecidas;363;15,6;1,6;71,9;71,9;0;35;117;2,5;0;0;0;0;0;0;0;0,17;0,07;1,5;0;0
55;Pastas no enriquecidas cocidas;113;4,3;0,6;22,6;22,6;0;21;33;0,7;0;0;0;0;0;0;0;0,02;0,02;0,5;0;0
56;Pastas enriquecidas;353;15;1,9;69,3;69,3;0;25;174;5,2;0;0;0;0;0;0;0;1,07;0,67;8,7;0;0
57;Pastas enriquecidas cocidas;124;4,6;0,7;24,9;24,9;0;9;58;2,8;0;0;0;0;0;0;0;0,26;0,18;2,3;0;0
58;Pastas al Huevo;372;15,6;2,3;72,4;72,4;0;48;118;2,3;0;0;0;0;0;0;0;0,13;0,07;2,2;0;0
59;Pastas al Huevo cocidas;126;6,2;1;23,2;23,2;0;34;28;1;0;0;0;0;0;0;0;0,04;0,01;0,8;0;0
60;Pastas con espinacas;365;14,8;1,8;72,8;72,8;0;44;116;3,5;0;0;0;0;0;0;0;0,5;0,2;3,8;0;0
61;Pastas con espinacas cocidas;108;5,3;0,8;27,1;27,1;0;31;50;1,3;0;0;0;0;0;0;0;0,11;0,05;0,9;0;0
62;Sémola de Trigo Durum;337;12,2;1,7;68,3;71,4;3,1;22;191;1,6;12;1,8;0;4;191;0;0;0,19;0,15;1,7;0;0
63;Sémola granular de Trigo panadero;337;11,5;0,9;70,8;73,5;2,7;18;87;0,6;8;1,7;0;5;89;0;0;0,05;0,08;1,1;0;0
64;Afrecho de Trigo. Dark North Spring (DNS);170;16,3;4,5;16,1;59,9;43,8;85;1500;12,9;677;9,7;0,8;7;856;0;0;0,8;0,38;28,8;0;0
65;Afrecho de Trigo. Hard Amber Durum (HAD);172;13,3;5,2;17,9;65,6;47,7;86;1261;11,9;522;7,5;0,5;9;867;0;0;0,45;0,41;15,7;0;0
66;Afrecho de Trigo. Soft Red Wheat (SRW);193;14,2;4,4;24,1;66,6;42,5;82;1186;13,2;536;7,3;0,6;9;833;0;0;0,68;0,39;10,5;0;0
67;Arepa andina de Trigo;303;10,9;2,6;59,7;59,7;0;30;117;2,2;0;0;0;0;0;0;0;0,16;0,03;1,9;0;0
68;Trigo entero. variedad (DNS);313;13,3;2,2;59,9;72,9;13;33;325;4,3;111;2,8;0;5;323;0;0;0,46;0,18;6,1;0;0
69;Trigo entero. variedad (HAD);316;12,9;2,8;59,7;71,6;11,9;31;362;3,6;113;3,1;0;5;349;0;0;0,43;0,16;9,5;0;0
70;Trigo entero. variedad (SRW);313;10,4;2,1;63,2;74,3;11,1;35;291;3,7;104;2,2;0;3;296;0;0;0,35;0,2;2,3;0;0
71;Germen tostado de Trigo;381;30,5;11,7;38,5;50,1;11,6;122;1098;12,3;0;0;0;0;0;0;0;2,63;0,8;6,6;0;0
72;Harina panadera de Trigo. variedad (DNS);347;13,5;1,2;70,5;73,3;2,8;19;131;1,8;20;1;0;5;125;0;0;0,17;0,14;1,4;0;0
73;Harina de Trigo panadera enriquecida ;347;13,5;1,2;70,5;73,3;2,8;19;131;3,8;20;1;0;5;125;0;0;0,32;0,34;3,4;0;0
74;Harina de Trigo. variedad (HAD);339;14;2,8;64,5;68,8;4,3;26;395;2,1;70;0,3;0;4;318;0;0;0,45;0,08;3,8;0;0
75;Harina galletera de Trigo variedad (SRW);349;9,3;1,2;75,3;78,4;3,1;22;121;1,6;21;0,7;0;6;150;0;0;0,19;0,14;0,8;0;0
76;Salvado de Trigo ;347;14,5;2,8;72,6;72,6;0;0;0;0;0;0;0;0;0;0;0;0;0;0;0;0
77;Gallina;240;18,5;18,4;0;0;0;18;200;1,7;0;0;0;0;0;0;0;0,06;0,14;8;0;0
78;Paloma;273;18,6;22,1;0;0;0;17;411;1,8;34;1,7;0,33;110;410;0;0;0,1;0,24;5,6;0;0
79;Pato;321;16;28,6;0;0;0;15;188;1,8;20;2,6;0,31;96;270;0;0;0,1;0,24;5,6;0;0
80;Pavo;261;20;20,1;0;0;0;24;320;3,8;23;1,7;0,13;54;300;0;0;0,09;0,14;8;0;0
81;Pechuga de pavo estándar (charcutería);76;15,2;0,7;2,2;2,2;0;0;0;0;0;0;0;0;0;0;0;0;0;0;0;0
82;Pechuga de pavo superior (charcutería);103;22,6;1,3;0,1;0,1;0;0;0;0;0;0;0;0;0;0;0;0;0;0;0;0
83;Alas de pollo. con piel;217;18,3;16;0;0;0;12;132;1;18;1,3;0,04;73;156;44;0;0,05;0,08;5,9;0,35;0
84;Alas de pollo. sin piel;120;22;3,5;0;0;0;13;155;0,8;22;1,6;0,04;81;194;18;0;0,06;0,1;7,4;0,5;1
85;Bologna de pollo;254;13,2;18,3;9,1;9,1;0;0;0;0;0;0;0;0;0;0;0;0;0;0;0;0
86;Pollo;183;20,2;11,4;0;0;0;14;200;1,5;25;1,1;0,19;81;320;0;0;0,08;0,16;8,5;0;0
87;Pollo enlatado;168;9,6;8,2;14;14;0;178;260;2,7;0;0;0;0;0;0;0;0,02;0;1,8;0,01;0
88;Pollo guisado enlatado;141;10,3;6,3;10,7;10,7;0;33;118;1,4;0;0;0;0;0;0;0;0,7;0;1,8;0;0
89; Hígado de pollo;157;17,9;7,3;5;5;0;26;305;5,7;20;7,8;0,4;74;330;4.800;0;0,49;2,3;10,1;0,76;0
90;Jamón de pollo. estándar;95;12,4;3,8;2,7;2,7;0;0;0;0;0;0;0;0;0;0;0;0;0;0;0;0
91;Jamón de pollo. superior;118;16,2;5,2;1,5;1,5;0;0;0;0;0;0;0;0;0;0;0;0;0;0;0;0
92;Molleja de pollo;94;18,1;1,2;2,7;2,7;0;18;150;4,5;0;0;0;0;0;0;0;0,04;0,32;6,8;0;0
93;Muslo de pollo. con piel;182;18,2;12,1;0;0;0;10;149;1;21;1,7;0,06;79;189;36;0;0,07;0,16;5,4;0,3;3
94;Muslo de pollo. sin piel;115;20,1;3,8;0;0;0;11;167;1;23;2,1;0,06;86;229;18;0;0,08;0,19;6,1;0,33;3
95;Pasta de pollo;208;13,4;14;7,1;7,1;0;25;134;1,7;0;0;0;0;0;0;0;0,02;0,16;3,1;0,05;0
96;Pechuga de pollo. cocida;143;28,6;3,2;0;0;0;30;184;1,4;0;0;0;0;0;0;0;0,05;0,18;9,6;0;0
97;Pechuga de pollo. estándar (charcutería);71;14;0,8;2;2;0;0;0;0;0;0;0;0;0;0;0;0;0;0;0;0
98;Pechuga de pollo. superior (charcutería);92;19,9;0,8;1,4;1,4;0;0;0;0;0;0;0;0;0;0;0;0;0;0;0;0
99;Pechuga de pollo. con piel;167;20,9;9,3;0;0;0;11;174;0,7;25;0,8;0,04;63;220;24;0;0,06;0,09;9,9;0,53;1
100;Pechuga de pollo. sin piel;103;23,1;1,2;0;0;0;11;196;0,7;28;0,8;0,04;65;255;6;0;0,07;0,09;11,2;0,55;1
101;Pierna de pollo. con piel;156;19,3;8,7;0;0;0;11;154;1;21;2;0,06;83;206;28;0;0,07;0,18;5,4;0,3;3
102;Pierna de pollo. sin piel;113;20,6;3,4;0;0;0;11;166;1;23;2,20;0,06;88;226;17;0;0,08;0,20;5,7;0,34;3
103;Salchicha de pollo. enlatada;185;9,9;13,3;6,3;6,3;0;305;269;4;0;0;0;0;0;0;0;0,02;0;0,8;0,01;0
104;Carne jamonizada de cerdo enlatada;129;11,1;5,7;8,3;8,3;0;0;0;0;0;0;0;0;0;0;0;0,14;0;2,0;0,04;0
105;Costilla de cerdo;295;16,5;25,4;0;0;0;9;132;1;26;2,9;0,13;60;380;0;0;0,63;0,14;3,9;0;0
106;Chuleta de cerdo;250;18,3;19,6;0;0;0;14;144;1,4;0;0;0;0;0;0;0;0,81;0,14;5,1;0;0
107;Chuleta de cerdo. magra (sin grasa visible);111;22,9;2,2;0;0;0;0;0;0;0;0;0;0;0;0;0;0;0;0;0;0
108;Chuleta de cerdo. ahumada;201;25,2;11,1;0;0;0;0;0;0;0;0;0;0;0;0;0;0;0;0;0;0
109;Lomo de cerdo;192;19,5;12,7;0;0;0;13;170;0,9;0;0;0;0;0;0;0;0,81;0,14;5,5;0;0
110;Lomo de cerdo. magro (sin grasa visible);121;24,4;2,6;0;0;0;0;0;0;0;0;0;0;0;0;0;0;0;0;0;0
111;Paleta de cerdo;219;18;16,3;0;0;0;8;150;1,0;0;0;0;0;0;0;0;0,72;0,15;3,9;0;0
112;Paleta de cerdo. magra (sin grasa visible);102;21,1;2;0;0;0;0;0;0;0;0;0;0;0;0;0;0;0;0;0;0
113;Pernil de cerdo;158;19,2;9;0;0;0;14;170;1;0;0;0;0;0;0;0;0,91;0,13;4,8;0;0
114;Pernil de cerdo. magro (sin grasa visible);120;21,4;3,8;0;0;0;0;0;0;0;0;0;0;0;0;0;0;0;0;0;0
115;Chicharrón de cerdo ;646;20,9;62,5;0;0;0;53;165;5,3;0;0;0;0;0;0;0;0,12;0,22;5,7;0;0
116;Higado de cerdo;134;20;4,7;3;3;0;11;286;11,6;22;0;2,5;130;250;3900;0;0,32;2,78;14,9;0,64;13
117;Jamón  de cerdo ahumado. semi gordo. con hueso;360;17,7;31,8;0,7;0,7;0;10;184;2,6;0;0;0;0;0;0;0;0,76;0,2;4,1;0;0
118;Jamón  de cerdo cocido. estándar;94;13,2;3,9;1,6;1,6;0;0;0;0;0;0;0;0;0;0;0;0;0;0;0;0
119;Jamón de cerdo cocido. superior;106;16,6;4,4;0;0;0;0;0;0;0;0;0;0;0;0;0;0;0;0;0;0
120;Jamón de cerdo endiablado enlatado;301;12,9;26,7;2,3;2,3;0;12;145;1,8;23;2;0,41;1547;528;0;0;0,19;0,15;3,1;0,03;0
121;Jamón de espalda;116;13,1;6,1;2,1;2,1;0;0;0;0;0;0;0;0;0;0;0;0;0;0;0;0
122;Jamón serrano. sin hueso. y sin;175;35,4;3,4;0,6;0,6;0;0;0;0;0;0;0;0;0;0;0;0;0;0;0;0
123;Pasta endiablada enlatada;288;13,5;24,3;3,7;3,7;0;0;0;1,8;22;1,32;0,11;1407;496;0;0;0,19;0,15;3,1;0,04;0
124;Salchicha de cerdo enlatada;119;6,5;7;7,4;7,4;0;70;93;2,3;0;0;0;0;0;0;0;0,02;0,11;0,8;0;0
125;Salchicha de cerdo y res.;202;7,6;16;7;7;0;18;90;1,3;0;0;0;0;0;0;0;0;0;0,5;0;0
126;Tocineta cruda;628;9,1;65;1,6;1,6;0;13;108;0,8;0;0;0;0;0;0;0;0,38;0,12;1,9;0;0
127;Tocineta  frita;599;25;55;1;1;0;25;255;3,3;0;0;0;0;0;0;0;0,48;0,31;4,8;0;0
128;Conejo;151;20,3;7,7;0;0;0;18;257;2;0;0;0;0;0;0;0;0,06;0,12;11;0;0
129;Cordero;247;18,2;19,4;0;0;0;7;190;2,5;0;0;0;0;0;0;0;0,07;0,15;2;0;0
130;Chigüire;80;18,4;0,7;0;0;0;19;210;2,9;0;0;0;0;0;0;0;0,11;0,36;8,7;0;0
131;Chigüire . carne seca de;153;33,9;0,6;2,9;2,9;0;114;208;6,9;0;0;0;0;0;0;0;0,02;0,12;9,6;0;0
132;Chivo;159;18,7;9,4;0;0;0;11;0;2,2;0;0;0;0;0;0;0;0,17;0,32;5,6;0;0
133;Iguana;106;24,4;0,9;0;0;0;25;252;3,4;0;0;0;0;0;210;0;0,05;0,24;8,2;0;0
134;Ternera;122;19,3;5;0;0;0;11;200;3;0;0;0;0;0;0;0;0,15;0,27;6;0;0
135;Venado;134;31,4;0,9;0;0;0;60;298;1,9;0;0;0;0;0;0;0;0,09;0,34;10;0;0
136;bologna;207;15,6;15,1;2,2;2,2;0;9;356;2,2;0;0;0;0;0;0;0;0,18;0,19;2,7;0;0
137;Chorizo;273;15,8;22,8;1,1;1,1;0;41;130;4,1;0;0;0;0;0;0;0;0,21;0,16;3;0;0
138;Chorizo carupanero;370;16,6;33,5;0,4;0,4;0;0;0;0;0;0;0;0;0;0;0;0;0;0;0;0
139;Chorizo cocido;367;19,5;30,6;3,4;3,4;0;0;0;0;19;5,1;0,22;1350;210;0;0;0;0;0;0;0
140;Chorizo español;379;25,7;21,9;1,2;1,2;0;0;0;0;0;0;0;0;0;0;0;0;0;0;0;0
141;Chorizo húngaro;305;19,5;23,7;3,4;3,4;0;0;0;0;0;0;0;0;0;0;0;0;0;0;0;0
142;Chorizo frankfurter. cocido;244;14;20;2;2;0;6;49;1,2;0;0;0;0;0;0;0;0,16;0,18;2,5;0;0
143;Morcilla alemana (23);292;18,6;22,7;3,2;3,2;0;40;506;14,9;0;0;0;0;0;0;0;0,12;0;1,5;0;0
144;Morcilla con arroz y cebolla (23);280;9,8;22,2;10,2;10,2;0;19;121;19,4;0;0;0;0;0;0;0;0,03;0;0,6;0;0
145;Morcilla condimentada (23);197;15;12,6;6;6;0;27;56;53;0;0;0;0;0;0;0;0,02;0;0,5;0;0
146;Mortadela económica;324;13;27,2;6,7;6,7;0;0;0;0;0;0;0;0;0;0;0;0;0;0;0;0
147;Mortadela especial;237;15,6;16,9;5,7;5,7;0;0;0;0;0;0;0;0;0;0;0;0;0;0;0;0
148;Mortadela exa;312;12,8;27,1;4,1;4,1;0;0;0;0;0;0;0;0;0;0;0;0;0;0;0;0
149;Pasta de hígado (liverwurst);268;16,8;21,6;1,7;1,7;0;9;670;5,4;12;2,3;0,63;860;170;2800;0;0,17;1,12;4,6;0,14;0
150;Salchicha de cerdo;448;10,8;44,8;0,4;0,4;0;6;100;1,6;0;0;0;0;0;0;0;0,43;0,17;2,3;0;0
151;Salchicha (perro caliente);206;13,8;15,5;2,2;2,2;0;0;0;0;0;0;0;0;0;0;0;0;0;0;0;0
152;Salchicha (Viena);211;15,8;16,4;0;0;0;9;170;2,4;9;1,7;0,24;980;98;0;0;0,1;1,12;3,1;0;0
153;Salchichón;460;27,3;38,2;1,8;1,8;0;37;590;13,3;0;0;0;0;0;0;0;0,72;0,06;6,8;0;0
154;Carne molida;201;18,2;14,2;0;0;0;15;148;3,1;0;0;0;0;0;0;0;0;0;0;0;0
155;Chocozuela;100;22,3;1,2;0;0;0;8;188;2,6;0;0;0;0;0;0;0;0,1;0,18;4,9;0;0
156;Falda;91;20,6;0,9;0;0;0;7;176;2,5;0;0;0;0;0;0;0;0,05;0,16;4,6;0;0
157;Ganso;91;21,3;0,6;0;0;0;23;194;4,2;0;0;0;0;0;0;0;0,12;0,08;5,9;0;0
158;Lagarto;84;20,5;0,2;0;0;0;35;41;2,5;0;0;0;0;0;0;0;0,14;0,17;2,6;0;0
159;Lomito;91;18,7;1,8;0;0;0;25;185;2,9;0;0;0;0;0;0;0;0,13;0,13;4,6;0;0
160;Muchacho redondo;98;21,8;1,2;0;0;0;7;198;1,7;0;0;0;0;0;0;0;0,05;0,16;4,4;0;0
161;Papelón ;89;19,8;1,1;0;0;0;7;173;2,2;0;0;0;0;0;0;0;0,05;0,17;3,9;0;0
162;Pollo de res;89;21;0,6;0;0;0;8;177;1,8;0;0;0;0;0;0;0;0,04;0,12;4,6;0;0
163;Pulpa negra ;104;21,6;1,9;0;0;0;9;377;3,4;0;0;0;0;0;0;0;0,12;0,19;5,3;0;0
164;Punta asera;111;21,7;2,7;0;0;0;9;216;3,4;0;0;0;0;0;0;0;0,13;0,21;4,2;0;0
165;Solomo ;98;23,2;0,6;0;0;0;29;107;5,4;0;0;0;0;0;0;0;0,09;0,13;7,8;0;0
166;Carne de almuerzo enlatada;220;11,5;14,8;10,2;10,2;0;0;191;2,6;13;1,5;0,28;1.471;403;0;0;0,05;0;0;0,06;0
167;Carne de almuerzo. de res y cerdo enlatada;188;10,6;10,5;12,7;12,7;0;0;192;2,8;15;1,3;0,14;1.287;444;0;0;0,04;0;1,3;0,06;0
168;Carne de buey enlatada;158;11;7,6;11,5;11,5;0;73;211;2,2;0;0;0;0;0;0;0;0,01;0;1,7;0,03;0
169;Carne mechada enlatada;162;13,2;9,1;6,9;6,9;0;0;157;2,5;14;1,5;0,16;1784;768;0;0;0,02;0;1,9;0,02;0
170;Carne mechada con soya enlatada;158;13,4;9,5;4,7;4,7;0;0;138;3,4;15;1,5;0,15;1.587;393;0;0;0;0;2;0,03;0
171;Carne mechada ;137;14,6;7,2;5,8;5,8;0;19;247;3,1;0;0;0;0;0;0;0;0,02;0;2,1;0;0
172;Salchicha tipo frankfurter enlatada;230;9,3;19,4;4,6;4,6;0;18;101;2,3;0;0;0;0;0;0;0;0;0;0,7;0;0
173;Corazón ;113;16,8;4,9;0,5;0,5;0;7;204;4;23;2,4;0,4;63;266;0;0;0,45;0,95;6,6;0,43;0
174;Hígado ;128;19,3;3,8;4,1;4,1;0;8;331;7,2;20;5;4;98;330;10500;0;0,27;2,7;10,3;0,52;31
175;Lengua ;193;18,4;12,3;2,1;2,1;0;10;182;2,7;14;2,3;0,29;58;293;0;0;0,1;0,32;4,1;0,36;0
176;Panza  ;104;15;3,8;2,4;2,4;0;23;85;1,3;0;0;0;0;0;0;0;0,02;0,09;0,2;0;0
177;Riñón ;129;15;7,3;0,9;0,9;0;10;230;7,2;17;1,8;0,47;179;257;280;0;0,34;2,55;6,1;0,51;12
178;Sesos ;129;10,4;9,6;0,2;0,2;0;11;253;3;13;1,2;0,2;103;321;0;0;0,22;0,22;3,3;0,26;14
179;Ubre ;195;15,4;11,7;7;7;0;70;160;2,3;0;0;0;0;0;0;0;0,08;0,18;1,3;0;0
180;Anchova ;134;21;5,5;0;0;0;16;264;0,9;0;0;0;0;0;0;0;0;0;0;0;0
181;Anchova  frita;192;25;10,2;0;0;0;22;291;0,9;0;0;0;0;0;0;0;0;0;0;0;0
182;Anchova  sancochada;171;23,4;8,6;0;0;0;17;258;0,9;0;0;0;0;0;0;0;0;0;0;0;0
183;Arenque  ahumado;293;24,3;21,8;0;0;0;209;270;2,9;0;0;0;0;0;0;0;0,07;0,09;3,5;0;0
184;Atún ;111;26,1;0,7;0;0;0;40;295;1,1;0;0,52;0,06;37;0;18;0;0,12;0,2;5,1;0,4;0
185;Atún  al natural enlatado. escurrido;96;23,2;0,4;0;0;0;17;148;1,7;27;0,7;0,05;320;230;0;0;0;0;10,7;0,47;0
186;Atún  en aceite enlatado. escurrido;167;29;5,7;0;0;0;7;230;1,1;33;1,1;0,2;290;260;0;0;0,13;0,1;11,3;0,51;0
187;Bacalao ;73;17,5;0,3;0;0;0;10;194;0,4;23;0,4;0;77;320;12;0;0,06;0,07;2,2;0,25;2
188;Bacalao  seco salado;341;78,9;2,8;0;0;0;50;891;3,6;107;1,6;0,17;400;31;0;0;0,08;0,45;10,9;0,86;0
189;Bonito ;134;24,4;4;0;0;0;22;240;3,8;0;0;0;0;0;0;0;0;0;0;0;0
190;Bonito  frito;224;31,8;10,8;0;0;0;27;308;4,1;0;0;0;0;0;0;0;0;0;0;0;0
191;Bonito  sancochado;163;29;5,2;0;0;0;21;216;3,2;0;0;0;0;0;0;0;0;0;0;0;0
192;Buco  o curito cocido;141;24,1;4,9;0;0;0;82;95;1,3;0;0;0;0;0;0;0;0,01;0,09;2,2;0;0
193;Caballa ;159;21,3;8,2;0;0;0;31;252;2,1;0;0;0;0;0;0;0;0,24;0,33;14,4;0;0
194;Cachama ;82;18,7;0,8;0;0;0;52;161;1,4;0;0;0;0;0;0;0;0;0;2,8;0,05;0
195;Cachicato ;90;21,2;0,6;0;0;0;65;285;1,3;0;0;0;0;0;0;0;0,08;0,06;8,6;0;0
196;Carite ;90;21,1;0,6;0;0;0;57;248;1;0;0;0;0;0;0;0;0,11;0,18;7;0;0
197;Carpa ;92;16;3,1;0;0;0;40;165;1,9;0;0;0;0;0;30;0;0,04;0,05;1,9;0;1
198;Cazón ;103;25,4;0,2;0;0;0;57;256;0,8;0;0;0;0;0;0;0;0,06;0,06;5,2;0;0
199;Coporo ;126;25,1;2,8;0;0;0;173;266;1,5;0;0;0;0;0;0;0;0,11;0,11;6,3;0;0
200;Corocoro ;93;19,7;1,6;0;0;0;41;187;1,1;0;0;0;0;0;0;0;0;0;0;0;0
201;Corocoro   frito;163;25,1;7;0;0;0;35;197;1,8;0;0;0;0;0;0;0;0;0;0;0;0
202;Corocoro  sancochado;110;23,1;1,9;0;0;0;39;166;0,9;0;0;0;0;0;0;0;0;0;0;0;0
203;Corvina ;94;20,8;1,2;0;0;0;38;198;1,1;0;0;0;0;0;50;0;0,04;0,14;3,1;0;1
204;Chicharro ;102;21,3;1,9;0;0;0;43;203;1,1;0;0;0;0;0;0;0;0;0;0;0;0
205;Chicharro  frito;249;33;13;0;0;0;79;301;1,4;0;0;0;0;0;0;0;0;0;0;0;0
206;Chicharro  sancochado;116;25,4;1,6;0;0;0;48;190;1,1;0;0;0;0;0;0;0;0;0;0;0;0
207;Jurel ;112;22;2,7;0;0;0;22;217;2;0;0;0;0;0;0;0;0;0;0;0;0
208;Jurel  frito;205;33,1;8,1;0;0;0;37;280;2,1;0;0;0;0;0;0;0;0;0;0;0;0
209;Jurel  sancochado;133;28,7;2;0;0;0;31;251;4;0;0;0;0;0;0;0;0;0;0;0;0
210;Lamparosa ;97;20,2;1,8;0;0;0;40;215;0,8;0;0;0;0;0;0;0;0;0;0;0;0
211;Lamparosa  frita;218;29,6;11,1;0;0;0;43;355;1,6;0;0;0;0;0;0;0;0;0;0;0;0
212;Lamparosa  sancochada;104;22,7;1,5;0;0;0;28;200;0,8;0;0;0;0;0;0;0;0;0;0;0;0
213;Lebranche ;142;19,3;7,2;0;0;0;20;119;0,9;0;0;0;0;0;0;0;0;0;0;0;0
214;Lebranche  frito;188;25,5;9,6;0;0;0;28;189;1,4;0;0;0;0;0;0;0;0;0;0;0;0
215;Lebranche sancochado;138;20,2;6,4;0;0;0;22;137;1,2;0;0;0;0;0;0;0;0;0;0;0;0
216;Lenguado  ;85;20,3;0,4;0;0;0;49;303;0,7;0;0;0;0;0;0;0;0,07;0,05;5;0;0
217;loro;81;18,9;0,6;0;0;0;90;213;1,2;0;0;0;0;0;0;0;0,05;0,07;1,5;0;0
218;Merluza;91;20,5;1;0;0;0;31;318;1,1;0;0;0;0;0;0;0;0,05;0,1;6;0;0
219;Mero ;89;19,4;1,3;0;0;0;46;209;1,6;0;0;0;0;0;0;0;0,13;0,05;3,1;0;0
220;Mojarra ;85;18,6;1,2;0;0;0;112;312;1;0;0;0;0;0;0;0;0,09;0,09;4,5;0;0
221;Pámpano ;92;19,9;1,4;0;0;0;36;191;1,6;0;0;0;0;0;0;0;0,16;0,17;5;0;0
222;Pargo ;77;18,2;0,5;0;0;0;49;213;1;0;0;0;0;0;0;0;0,05;0,04;2,8;0;0
223;Perla  de mar;74;17,7;0,3;0;0;0;66;145;0,9;0;0;0;0;0;0;0;0,18;0,04;1,4;0;0
224;Picúa ;94;20,9;1,2;0;0;0;70;365;1,3;0;0;0;0;0;0;0;0,13;0,08;5,1;0;0
225;Rayado ;84;19,2;0,8;0;0;0;48;180;0,9;0;0;0;0;0;0;0;0;0;0;0;0
226;Rayado  sancochado;106;24,8;0,7;0;0;0;37;179;0,6;0;0;0;0;0;0;0;0;0;0;0;0
227;Róbalo ;102;21,1;1,9;0;0;0;23;202;0,4;0;0;0;0;0;0;0;0;0;0;0;0
228;Róbalo  frito;156;28,7;4,6;0;0;0;29;260;0,4;0;0;0;0;0;0;0;0;0;0;0;0
229;Róbalo  sancochado;107;23,2;1,6;0;0;0;23;185;0,4;0;0;0;0;0;0;0;0;0;0;0;0
230;Roncador ;82;19,3;0,5;0;0;0;292;318;1,6;0;0;0;0;0;0;0;0,12;0,07;4,2;0;0
231;Salmón  enlatado;145;19,7;7,3;0;0;0;215;305;0,9;30;0,9;0,09;570;300;28;0;0,05;0,18;7,5;0,48;0
232;Sardinas ;145;20,6;7;0;0;0;127;303;2,4;0;0;0;0;0;0;0;0,01;0,35;9,7;0;0
233;Sardinas  enlatadas (parte sólida);183;24,9;9,3;0;0;0;398;478;3,6;52;3;0,19;650;430;0;0;0,05;0,34;8,3;0,3;0
234;Sierra ;119;23;3;0;0;0;17;251;0,6;0;0;0;0;0;0;0;0;0;0;0;0
235;Sierra  frita;189;30;7,7;0;0;0;19;336;1,1;0;0;0;0;0;0;0;0;0;0;0;0
236;Sierra  sancochada;131;25,3;3,3;0;0;0;17;246;0,7;0;0;0;0;0;0;0;0;0;0;0;0
237;Tajalí ;98;19,3;2,3;0;0;0;19;206;0,3;0;0;0;0;0;0;0;0;0;0;0;0
238;Tajalí  frito;212;29;10,7;0;0;0;26;253;0,4;0;0;0;0;0;0;0;0;0;0;0;0
239;Tajalí  sancochado;111;22,9;2,2;0;0;0;21;126;0,3;0;0;0;0;0;0;0;0;0;0;0;0
240;Trucha  arcoiris;103;19,5;2,7;0;0;0;11;245;0,4;26;0,5;0,1;62;413;32;0;0,08;0,07;3,4;0;0
241;Trucha  de mar;74;17,9;0,3;0;0;0;140;183;1;0;0;0;0;0;0;0;0,04;0,05;1,5;0;0
242;Almejas ;73;12,6;1,6;2;2;0;38;168;5,8;0;0;0;0;0;0;0;0,1;0,18;1,3;0;1
243;Calamares ;80;16,8;1,4;0;0;0;18;162;0,6;33;1,5;1,9;44;246;0;0;0,05;0,05;2,3;0,06;0
244;Camarones ;91;19,7;1,3;0;0;0;93;209;1,6;49;2,4;0,23;930;100;0;0;0,02;0,1;1,8;0,1;0
245;Cangrejos  enlatados;97;17,4;2,5;1,1;1,1;0;45;182;0,8;0;0;0;0;0;0;0;0,08;0,08;1,9;0;0
246;chipi-chipi  cocidos;81;17,4;0,8;1;1;0;248;109;61,2;0;0;0;0;0;0;0;0,01;0,05;0,1;0;0
247;Guacuco ;121;18,3;4,6;1,7;1,7;0;290;476;50,1;0;0;0;0;0;0;0;0,01;0,15;0,7;0;0
248;Langosta ;84;16,2;1,9;0,5;0,5;0;40;184;0,5;0;0;0;0;0;0;0;0,13;0,06;1,9;0;0
249;Langostinos ;89;20,3;0,9;0;0;0;75;278;2,2;0;0;0;0;0;0;0;0,06;0,7;3,9;0;0
250;Mejillones  enlatados;104;17,2;3,3;1,3;1,3;0;102;227;10;0;0;0;0;0;0;0;0,01;0,41;1,1;0;0
251;Osas ;42;5,8;0,5;3,5;3,5;0;133;76;6,8;0;0;0;0;0;0;0;0,04;0,38;7,1;0;0
252;Pepitonas  enlatadas;88;16,8;1,2;2,4;2,4;0;115;186;7,6;0;0;0;0;0;0;0;0;0,27;0,7;0;0
253;Pulpo ;64;14,2;0,6;0,4;0,4;0;37;144;2,7;0;1,7;0,43;0;0;0;0;0,02;0,04;1,9;0;0
254;Huevo de  Codorniz. ;179;11,6;13,1;3,6;3,6;0;74;202;3;0;0;0;0;0;70;0;0,13;0,45;0,1;0;0
255;Huevo entero de gallina;156;12,4;11,1;1,5;1,5;0;55;200;2,8;12;1,4;0;144;147;240;0;0,11;0,3;0,1;0,08;0
256;Clara de Huevo de gallina ;46;10,8;0,2;0,6;0,6;0;7;16;0,2;12;0;0,13;170;154;0;0;0;0,26;0,1;0,01;0
257;Yema de Huevo de gallina;354;16,1;31,6;1,2;1,2;0;145;550;6,8;16;3,8;0,4;51;138;768;0;0,26;0,4;0;0,3;0
258;Huevo en polvo;576;46,8;42;2,6;2,6;0;190;767;8,8;0;0;0;0;0;888;0;0,34;1,06;0,2;0;0
259;Huevo de Iguana;166;16,2;10,4;2;2;0;389;404;1,9;0;0;0;0;0;336;0;0,15;0,35;0,2;0;0
260;Huevo de Huevo de Lisa;367;39,9;19;9;9;0;51;488;5;0;0;0;0;0;0;0;0;0,56;2,4;0;0
261;Huevo de  Tortuga;111;12,6;6,3;0,9;0,9;0;62;180;1,6;0;0;0;0;0;52;0;0,28;0,31;0,1;0;0
262;Leche de burra;44;1,7;1,2;6,5;6,5;0;126;57;0,2;0;0;0;0;0;16;0;0,02;0,09;0,1;0;2
263;Leche  de cabra;75;4;4,8;4;4;0;145;110;0,4;13;0,5;0,03;42;170;38;0;0,05;0,2;0,3;0;1
264;Leche humana;78;1,1;4;9,5;9,5;0;43;14;0,1;3;0,17;0,02;0;0;58;0;0,04;0,2;0,2;0;5
265;Leche  de soya;36;3,4;1,5;2,1;2,1;0;21;47;0,7;0;0;0;0;0;0;0;0,09;0,04;0,3;0;0
266;Leche  líquida completa;63;3,5;3,4;4,7;4,7;0;131;90;0,03;12;0,38;0,01;48;157;36;0;0,04;0,2;0,1;0,04;1
267;Leche  líquida descremada;43;3,6;0,9;5;5;0;121;95;0,06;14;0,4;0;53;150;0;0;0,04;0,19;0,1;0,05;0
268;Leche  en polvo completa. enriquecida;492;25,8;26,7;38;38;0;949;728;0,6;110;2,1;0,16;371;1160;960;0;0,3;1,46;0,7;0,2;0
269;Leche  en polvo descremada;356;35;1;51,8;51,8;0;1290;1030;0,8;110;4,1;0,29;557;1580;11;0;0,3;1,83;0,9;0,28;0
270;Leche condensada;324;8;8,7;53,5;53,5;0;276;229;0,2;26;0,94;0;127;371;100;0;0,05;0,41;0,2;0,05;0
271;Leche  Evaporada;138;6,8;7,9;9,8;9,8;0;214;195;0,2;24;0,77;0;106;303;96;0;0,06;0,36;0,2;0,05;0
272;Crema de leche pasteurizada;382;2;40,3;2,9;2,9;0;77;62;0,3;0;0;0;0;0;0;0;0,04;0,06;0,4;0;0
273;Cuajada;257;15,5;18,9;6,2;6,2;0;490;270;1,5;0;0;0;0;0;192;0;0,02;0,46;0,1;0;0
274;Mantequilla;731;0,6;81;0;0;0;20;16;0;0;0;0;0;0;792;0;0;0,01;0,1;0;0
275;Nata;326;2,5;32;7,1;7,1;0;105;77;0,4;0;0;0;0;0;199;0;0,04;0,23;0,4;0;0
276;Suero de Leche criollo pasteurizado;63;3,1;3,3;5,3;5,3;0;51;53;0,1;0;0;0;0;0;0;0;0,04;0,15;0,1;0;0
277;Queso amarillo fundido. tipo americano;376;22,4;31,2;1,3;1,3;0;684;810;0,8;0;0;0;0;0;293;0;0,02;0,26;0,4;0;0
278;Queso  amarillo fundido para untar;277;12,7;21,9;7,2;7,2;0;394;790;2,1;0;0;0;0;0;0;0;0,02;0,02;0,1;0,02;0
279;Queso amarillo holandés;398;26;32,1;1,3;1,3;0;770;513;0,8;0;0;0;0;0;384;0;0,03;0,48;0,1;0;0
28;Queso  azul da nés;337;22,8;26,5;1,9;1,9;0;740;360;0,5;0;0;0;0;0;842;0;0,05;0,71;1,3;0;0
281;Queso  blanco duro de leche completa;389;24,9;31,5;1,4;1,4;0;848;650;0,8;0;0;0;0;0;360;0;0,05;0,53;0,1;0;0
282;Queso  blanco duro de leche descremada;224;38,2;5,7;4,9;4,9;0;1004;642;1,8;0;0;0;0;0;31;0;0,08;0,64;0,2;0;0
283;Queso blanco duro de leche semi-descremada;337;34;21;3;3;0;700;500;1;0;0;0;0;0;192;0;0,1;0,5;0,2;0;0
284;Queso  blanco fundido para untar;304;12,3;26,5;4,1;4,1;0;406;767;1,5;0;0;0;0;0;0;0;0;0;0,1;0;0
285;Queso  blanco suave;313;18,3;26,3;0,8;0,8;0;676;403;0,7;0;0;0;0;0;0;0;0,02;0,08;0;0;0
286;Queso Cheddar;398;25;32,2;2,1;2,1;0;750;478;1;0;0;0;0;0;314;0;0,03;0,46;0,1;0;0
287;Queso  de año ;402;24,3;32,8;2,4;2,4;0;665;473;1;0;0;0;0;0;360;0;0,04;0,64;0,1;0;0
288;Queso  de cabra;172;16;10,3;3,7;3,7;0;310;146;0,8;0;0;0;0;0;36;0;0,01;0,63;0,2;0;0
289;Queso de crema (cream cheese);377;9;37;2;2;0;68;97;0,2;10;0,54;0,04;300;160;348;0;0,01;0,22;0,1;0;0
290;Queso  de mano (29);316;19,3;24,8;4;4;0;461;271;0,7;0;0;0;0;0;240;0;0,03;0,69;0;0;0
291;Queso Gouda;355;24,9;27,4;2,3;2,3;0;700;546;0,2;29;3,9;0,07;819;120;174;0;0,03;0,33;0,1;0,08;0
292;Queso guayanés;284;18,8;23;0,4;0,4;0;332;263;0,5;0;0;0;0;0;0;0;0,02;0,14;0,1;0;0
293;Queso gruyere;404;28,8;31,8;0,6;0,6;0;1100;822;1,1;0;0;0;0;0;135;0;0;0,5;0,4;0;0
294;Queso mozzarela;230;19,9;16,1;1,3;1,3;0;263;428;0,2;24;2,1;0;373;67;241;0;0,03;0,27;0,1;0,06;0
295;Queso muenster;363;24,2;28,5;2,4;2,4;0;731;432;0,8;0;0;0;0;0;192;0;0,03;0,38;0,1;0;0
296;Queso parmesano;391;40,8;24,7;1,3;1,3;0;1260;823;0,6;45;5,3;0,33;1090;110;254;0;0,01;0,38;0,2;0;0
297;Queso requesón;161;13,4;10,8;2,6;2,6;0;350;243;0,4;9;0,6;0,04;360;89;0;0;0,02;0,09;0;0;0
298;Queso roquefort;423;22,2;36,6;1,1;1,1;0;735;535;1,1;0;0;0;0;0;271;0;0,03;0,46;1,4;0;0
299;Pasta para untar con sabor a queso;323;7,2;28,6;9,2;9,2;0;259;724;1,9;0;0;0;0;0;0;0;0,03;0;0,1;0,01;0
300;Yoghurt de leche completa y frutas;114;3,6;3,2;17,7;17,7;0;144;0;0;0;0;0;0;0;52;0;0,04;0,19;0;0;0
301;Yoghurt dulce de leche completa;92;4,2;3,6;10,8;10,8;0;172;0;0;0;0;0;0;0;62;0;0,06;0,24;0;0;0
302;Yoghurt líquido de leche semidescremada con frutas;63;4,9;1,5;7,4;7,4;0;0;0;0;0;0;0;0;0;0;0;0;0;0;0;0
303;Yoghurt líquido de leche descremada con frutas y edulcorante;55;4,3;0,7;7,8;7,8;0;0;0;0;0;0;0;0;0;159;0;0;0;0;0;0
304;Yoghurt natural de leche completa;74;4,3;3,8;5,7;5,7;0;178;0;0;0;0;0;0;0;66;0;0,06;0,22;0;0;0
305;Yoghurt natural de leche descremada;51;4,6;0,6;6,9;6,9;0;0;0;0;0;0;0;0;0;0;0;0;0;0;0;0
306;Arvejas secas;271;23,2;1,4;41,3;60,7;19,4;63;337;4,3;118;3,5;0,74;26;941;30;180;0,62;0,21;3;0,12;0
307;Arvejas secas cocidas;86;7,4;0,3;13,5;19;5,5;27;125;1,6;0;0;0;0;0;0;0;0,1;0,02;0,8;0;0
308;Arvejas tiernas;94;7,8;0,5;14,5;21,7;7,2;28;120;2,1;0;0;0;0;0;68;408;0,3;0,15;2;0;25
309;Arvejas tiernas enlatadas;67;4,7;0,3;11,4;15,7;4,3;26;76;1,9;0;0;0;0;0;69;414;0,08;0,57;0,8;0;8
310;Caraotas blancas;233;23,9;1,5;31;59,7;28,7;215;418;6,9;140;2,6;0,63;4;1340;0;0;0,76;0,18;2,2;0,4;2
311;Caraotas blancas cocidas;84;8;0,5;11,8;19,5;7,7;150;157;3,2;47;1;0,21;4;415;0;0;0,15;0,4;0,4;0,4;0
312;Caraotas blancas enlatadas;73;6,3;0,5;10,9;17,9;7;50;105;2;51;1,1;0,23;5;454;0;0;0,05;0,04;0,3;0,08;0
313;Caraotas negras;248;23;1,6;35,4;59,3;23,9;130;567;9;171;3,6;0,84;5;1.483;0;0;0,77;0,25;3,1;0,29;8
314;Caraotas negras cocidas;82;8,5;0,3;11,3;21;9,7;54;191;3,5;70;1,2;0,29;1;355;0;0;0,14;0,03;0,4;0,07;0
315;Caraotas negras enlatadas;66;5,4;1,5;7,6;15;7,4;63;133;2,7;0;0;0;0;0;0;0;0,05;0,05;0,6;0;0
316;Caraotas rojas;251;20,9;2;37,3;60,4;23,1;168;347;7,1;138;2,8;0,7;12;1.359;0;0;0,19;0,18;2,9;0,4;6
317;Caraotas rojas cocidas;91;8,6;0,5;13;21,1;8,1;39;193;2,9;42;0,9;0,26;5;378;0;0;0,04;0,05;0,6;0,12;0
318;Caraotas rojas enlatadas;88;6,8;0,7;13,5;21,4;7,9;38;68;2,2;38;0,75;0,2;0;350;0;0;0,21;0,03;0,4;0,02;0
319;Cuarentano;322;24,1;1,3;57,4;57,4;0;67;529;8,5;0;0;0;0;0;0;0;0,44;0,17;1,5;0;0
320;Frijol;257;26,7;0,9;35,5;57,4;21,9;58;333;8,1;0;0;0;0;0;0;0;1,01;0,25;2;0;2
321;Frijol cocido;92;8,2;0,4;14;21,3;7,3;25;156;2,2;0;0;0;0;0;0;0;0,18;0,05;0,4;0;0
322;Gallinazo;311;22,1;1;61,2;61,2;0;46;375;7,3;0;0;0;0;0;0;0;0,44;0,12;1,5;0;2
323;Garbanzos;310;20;4,6;47;60;13;146;312;7,5;155;3,5;0,08;25;810;5;30;0,35;0,14;1,4;0,55;1
324;Garbanzos cocidos;113;9,5;1,8;14,7;22,8;8,1;82;135;2,6;0;0,77;0,18;0;0;0;0;0,07;0,03;0,5;0;0
325;Guaracaro;324;21,2;1,5;60,9;60,9;0;152;368;7,1;0;0;0;0;0;0;0;0,33;0,2;1,9;0;0
326;Habas blancas;267;25,5;1,3;38,4;57;18,6;96;343;4,9;0;0;0;0;0;3;18;0,46;0,15;2,1;0;0
327;Habas rojas;273;25,5;1,6;39,1;57,7;18,6;77;358;6,3;0;0;0;0;0;10;60;0,3;0,26;0,3;0;0
328;Habas verdes;111;9,3;0,5;17,2;24,7;7,5;40;157;2,2;0;0;0;0;0;17;102;0,27;0,13;1,5;0;26
329;Lentejas;252;23,9;0,9;37;59,7;22,7;80;356;8,1;107;3,6;0,85;10;905;57;342;0,4;0,18;1,6;0,57;0
330;Lentejas cocidas;65;6,8;0,3;8,7;13,2;4,5;27;100;2,5;26;1,45;0,19;12;220;0;0;0;0,02;0,4;0;0
331;Quinchoncho seco;250;20,9;1;39,3;63,1;23,8;133;300;4,9;0;0;0;0;0;35;210;0,72;0,1;2,6;0;0
332;Quinchoncho seco cocido;98;8,2;0,5;15,2;24;8,8;111;111;1,9;0;0;0;0;0;0;0;0,12;0,02;0,6;0;0
333;Quinchoncho tierno;121;8,4;1;23,2;23,2;0;34;107;1,5;0;0;0;0;0;76;456;0,34;0,21;2,5;0;40
334;Soya grano entero;412;33,4;16,1;38,3;38,3;0;227;586;8;240;4,3;1,6;5;1330;11;66;1,07;0,31;2,3;0,38;0
335;Harina de Soya. ;442;35,4;20,1;32,2;32,2;0;195;553;12,1;0;0;0;0;0;14;84;0,77;0,28;2,2;0;0
336;Harina desgrasada de Soya.;335;52;0,8;32,7;32,7;0;380;750;13;0;0;0;0;0;2;12;1,36;0,35;2,5;0;0
337;Apio;94;1;0,1;22,3;24,3;2;25;60;0,9;0;0;0;0;0;57;342;0,06;0,04;3,5;0;18
338;Apio cocido;88;0,6;0,5;20,3;21,9;1,6;15;40;0,5;0;0;0;0;0;0;0;0,03;0,03;2,5;0;0
339;Batata;108;1,5;0,4;24,7;28,5;3,8;17;62;1,2;25;0,9;0,16;4;473;50;300;0,11;0,05;0,7;0;23
340;Batata cocida;83;1,9;0,1;18,6;20,9;2,3;12;64;0,8;0;0;0;0;0;16;96;0,06;0,05;0,6;0;0
341;Mapuey blanco;90;1,4;0,2;20,6;21,9;1,3;18;27;0,8;0;0;0;0;0;7;42;0,12;0,01;0,5;0;12
342;Mapuey morado;112;1,2;0,6;25,5;27,4;1,9;16;36;0,7;0;0;0;0;0;2;12;0,1;0,01;0,6;0;11
343;Ñame;98;2,1;0,2;21,9;23,4;1,5;18;49;0,9;0;0,11;10;393;0;0;0;0,12;0,03;0,4;0;7
344;Ñame cocido;88;1,7;0,1;19,9;21,7;1,8;28;37;0,7;0;0;0;0;0;0;0;0,08;0,02;0,3;0;0
345;Ocumo;103;1,7;0,8;22,3;24,4;2,1;22;72;0,9;0;0;0;0;0;3;18;0,13;0,02;0,6;0;6
346;Ocumo cocido;101;1;0,2;23,7;26,1;2,4;26;42;0,6;0;0;0;0;0;0;0;0,08;0,01;0,4;0;0
347;Ocumo chino;156;1,2;0,2;37,4;40,9;3,5;48;68;2,2;0;0;0;0;0;0;0;0,18;0,06;1,3;0;0
348;Papa;81;2;0,1;17,9;19,5;1,6;8;45;0,8;20;0,35;0,09;3;411;0;0;0,1;0,06;1,2;0,31;20
349;Papa cocida;68;2;0,1;14,8;16,1;1,3;6;40;0,7;14;0,3;0,07;7;280;0;0;0,07;0,02;1,1;0;0
350;Papa morada;80;2,1;0,3;17,3;18,3;1;13;43;1;0;0;0;0;0;3;18;0,2;0,04;1,6;0;4
351;Yuca;143;1,1;0,2;34,2;36,5;2,3;29;53;0,7;70;0,55;0,16;15;344;0;0;0,06;0,03;0,6;0;35
352;Yuca cocida;129;0,8;0,2;30,9;33,3;2,4;20;38;0,5;0;0;0;0;0;0;0;0,04;0,02;0,4;0;0
353;Acelga;19;2;0,2;2,2;5,8;3,6;112;47;3,4;0;0,27;0,13;0;0;600;3600;0,05;0,18;0,4;0;34
354;Aguacate;152;1,3;14;5,2;8;2,8;10;39;0,6;0;0,33;0,16;0;0;22;132;0,04;0,1;1,4;0;13
355;Ají chile picante;41;1,2;0,2;9,7;9,7;0;6;20;0,7;0;0;0;0;0;50;300;0,06;0,08;2,1;0;35
356;Ají dulce sin clasificar;46;1,9;0,6;10,2;10,2;0;20;28;1,7;0;0;0;0;0;156;936;0,09;0,13;1,5;0;91
357;Ají rojo picante;63;2,2;1,6;14,1;14,1;0;29;65;1;0;0;0;0;0;460;2760;0,07;0,2;1,6;0;100
358;Ajo;129;5,1;0,2;27,8;27,8;0;52;151;1,2;25;1;0,06;4;620;0;0;0,2;0,07;0,4;0,38;10
359;Ajoporro;36;1,5;0,1;7,2;11,4;4,2;59;52;1;0;0;0;0;0;20;120;0,08;0,06;0,4;0;17
360;Alcachofa;25;2,8;0,2;2,9;9,1;6,2;44;68;1,7;26;0;0,32;47;353;14;84;0,06;0,07;0,8;0;5
361;Apio España (Celery);16;0,9;0,1;2,8;4,3;1,5;52;35;0,8;12;0,11;0,12;132;344;3;18;0,05;0,05;0,3;0,09;8
362;Auyama;43;1,5;0,4;8,4;9,7;1,3;26;34;0,8;0;0;0;0;0;495;2970;0,06;0,06;0,9;0;8
363;Auyama cocida;27;0,8;0,2;5,6;6,7;1,1;27;28;0,5;0;0;0;0;0;186;1,116;0,03;0,04;0,6;0;0
364;Berenjena;18;1;0,3;2,8;5,5;2,7;15;31;0,7;11;0,2;0,01;2;170;3;18;0,06;0,05;0,6;0,08;5
365;Berro;18;2,2;0,4;1,5;4,5;3;200;50;2,3;0;0;0;0;0;472;2.832;0,08;0,2;0,8;0;70
366;Brócoli;27;3,8;0,4;2,1;6,5;4,4;160;64;1,6;22;0,6;0,02;8;370;350;2100;0,1;0,16;0,9;0,11;112
367;Calabacín;11;1,2;0,2;1,1;1,9;0,8;22;45;0,5;0;0;0;0;0;0;0;0,06;0,06;0,7;0;1
368;Cebolla;43;1,4;0,2;9;11,1;2,1;34;44;0,4;4;0,2;0,05;3;160;5;30;0,03;0,04;0,2;0,2;9
369;Coliflor;19;2,5;0,2;1,8;5,9;4,1;28;61;0,9;17;0,6;0,02;9;380;9;54;0,09;0,09;0,5;0,28;65
370;Colinabo;31;2;0,1;6,4;6,4;0;36;52;0,4;0;0;0;0;0;0;0;0,06;0,03;0,3;0;68
371;Chayota;25;0,7;0,2;5,2;6,7;1,5;19;22;0,5;0;0;0;0;0;0;0;0,02;0,03;0,4;0;13
372;Escarola;14;1,4;0,2;1,6;4,5;2,9;94;57;1,6;10;0,36;0,04;53;346;300;1800;0,07;0,12;0,4;0;11
373;Espárrago;23;2,2;0,2;3,1;4,6;1,5;21;62;0,9;13;0,7;0,08;1;260;100;600;0,16;0,19;1,4;0,09;33
374;Espárrago enlatado;25;2,4;0,4;2,9;4,2;1,3;19;53;1,9;13;0,7;0,08;60;210;80;480;0,06;0,08;1;0,07;18
375;Espinaca;17;2,3;0,3;1,3;3,8;2,5;81;55;3;54;0,57;0,08;140;500;600;3600;0,11;0,2;0,6;0,17;46
376;Hongos;26;2,7;0,2;3,4;5,4;2;11;125;1,2;14;0,5;0,4;8;417;0;0;0,1;0,44;5,2;0,07;5
377;Hongos enlatados;25;2,3;0,5;2,9;4,9;2;19;69;0,8;15;0;0,5;319;125;0;0;0,02;0,19;1,2;0,06;2
378;Lairén;45;0,5;0,8;9,7;9,7;0;15;34;3,1;0;0;0;0;0;50;300;0,04;0,03;0,4;0;4
379;Lechuga;10;1,2;0,2;0,9;3,5;2,6;62;20;1,1;0;0,24;0,02;0;0;162;972;0,06;0,07;0,3;0;18
380;Nabo blanco;25;1,1;0,1;5,8;5,8;0;42;34;0,5;0;0;0;0;0;0;0;0,04;0,05;0,5;0;26
381;Palmito;41;1,6;0,2;8,1;13,9;5,8;70;40;0,5;0;0;0;0;0;0;0;0,06;0,06;1,1;0;0
382;Pepino;13;0,7;0,1;2,4;3,2;0,8;10;21;0,3;8;0,15;0,05;9;141;0;0;0,03;0,04;0,2;0,04;8
383;Perejil;37;4;0,8;3,4;9,4;6;210;68;4,3;0;0;0;0;0;823;4.938;0,11;0,29;1,8;0;155
384;Pimentón rojo;20;0,8;0,2;3,9;6,2;2,3;11;31;0,7;0;0;0;0;0;780;4680;0,05;0,07;1,1;0;160
385;Pimentón verde;19;0,9;0,1;3,7;5,9;2,2;8;24;0,6;0;0;0;0;0;20;120;0,04;0,04;0,7;0;150
386;Quimbombó;34;2,4;0,3;6,5;6,5;0;112;66;1,7;0;0;0;0;0;9;56;0,11;0,13;0,9;0;17
387;Rábano;15;1;0,1;2,6;4,1;1,5;32;30;1,1;15;0,3;0,04;18;322;0;0;0,03;0,03;0,2;0,06;25
388;Remolacha;35;1,4;0,2;6,9;10,4;3,5;26;39;1,1;25;0,34;0,08;58;336;0;0;0,03;0,05;0,4;0,05;10
389;Remolacha enlatada;28;1;0,1;5,8;8,2;2,4;19;18;0,7;0;0;0;0;0;0;0;0,01;0,03;0,1;0;3
390;Repollito de Bruselas;40;4,7;0,4;4,4;9,6;5,2;37;85;1,6;8;0,5;0,02;6;450;40;240;0,12;0,13;0,8;0,19;86
391;Repollo blanco;25;1,4;0,2;4,3;6,1;2;46;31;0,5;14;0,17;0,02;17;246;8;48;0,06;0,05;0,3;0,09;50
392;Repollo morado;16;1,8;0,3;1,4;5;3,6;28;45;1,6;14;0,2;0,09;11;206;0;0;0,06;0,05;0,3;0,2;77
393;Ruibarbo;17;0,6;0,1;4,2;4,2;0;56;21;0,4;0;0;0;0;0;5;30;0,01;0,02;0,1;0;10
394;Tomate enlatado;10;1,1;0,2;2,6;3,2;0,6;20;33;0,9;13;0,23;0,08;9;193;102;612;0,03;0,02;0,7;0;8
395;Tomate manzano;15;1,4;0,2;1,9;3,2;1,3;7;21;0,9;14;0,17;0,06;3;242;79;474;0,06;0,04;0,6;0,1;25
396;Tomate perita;17;1,2;0,5;1,8;3,2;1,4;19;23;0,9;7;0,1;0,01;9;250;126;756;0,08;0,03;0,7;0,1;8
397;Vainita;31;2,4;0,2;4,8;9,1;4,3;65;44;1,1;0;0;0;0;0;63;378;0,08;0,11;0,6;0;19
398;Vainitas enlatadas;13;1,3;0,1;1,7;4,3;2,6;49;24;2,4;0;0;0;0;0;8;48;0,02;0,06;0,4;0;3
399;Vegetales mixtos enlatados;34;2,6;0,3;5,1;8,4;3,3;39;40;1,4;0;0;0;0;0;539;3.254;0,05;0,05;0,4;0;2
400;Zanahoria;32;1;0,2;6,5;8,7;2,2;42;34;0,6;18;0,13;0,05;60;290;850;5100;0,06;0,05;0,5;0,3;5
401;Zanahoria enlatada;26;0,8;0,3;5;6;1;30;22;0,7;0;0,18;0,03;0;0;850;5100;0,02;0,03;0,4;0;2
402;Aceituna verde;137;1,5;13,5;2,4;5,2;2,8;87;17;2;19;0;0,3;2100;43;31;186;0,03;0,08;0,5;0,02;0
403;Albaricoque;50;1;0,1;11,3;13,9;1,6;16;23;0,5;9;0,14;0,13;2;278;279;1.674;0,03;0,05;0,8;0,07;7
404;Albaricoque. compota para niños;64;1;0,4;15,2;15,2;0;20;30;1,1;5;0,1;0;10;150;170;1020;0,02;0,02;0,2;0;35
405;Albaricoque enlatado. con sirup;84;0,6;0,1;20,2;21,8;1,6;10;15;0,3;11;0,1;0,06;2;270;135;810;0,02;0,02;0,3;0;4
406;Albaricoque seco;284;5,2;0,4;64,8;67,9;3,1;86;119;4,9;0;0;0;0;0;743;4.458;0,01;0,13;3,2;0;12
407;Anón;100;1,6;0,2;24,6;24,6;0;28;36;1,8;0;0;0;0;0;0;0;0,11;0,15;0,9;0;42
408;Caimito;72;0,8;1,6;14,5;14,5;0;21;17;0,8;0;0;0;0;0;2;12;0,04;0,03;1;0;11
409;Cambur cuyaco;92;1,9;0,7;19,8;19,8;0;19;20;0,7;0;0;0;0;0;61;366;0,04;0,05;0,8;0;11
410;Cambur guineo morado;85;1,2;0,6;19,3;19,3;0;20;23;0,5;0;0;0;0;0;38;228;0,06;0,06;0,6;0;6
411;Cambur guineo verde;78;1,7;0,6;17;17;0;18;32;1;0;0;0;0;0;95;570;0,07;0,05;0,8;0;7
412;Cambur. Harina de;358;3,7;0,5;85,6;85,6;0;72;101;5,4;0;0;0;0;0;7;42;0,07;0,11;1,2;0;3
413;Cambur manzano;95;1;1,3;19,8;23,2;3,4;20;51;0,9;0;0;0;0;0;16;96;0,05;0,04;0,7;0;14
414;Cambur pasado;231;3,3;2,8;49,2;49,2;0;41;59;0,5;0;0;0;0;0;26;156;0,04;0,09;1,2;0;1
415;Cambur pineo;70;1,5;1;13,8;17,2;3,4;24;16;0,4;0;0;0;0;0;38;228;0,05;0,05;0,9;0;8
416;Cambur titiaro;132;1,4;1,9;27,7;27,7;0;31;23;0,7;0;0;0;0;0;82;492;0,05;0,06;0,9;0;10
417;Cambur topocho;124;1,3;1;27,8;27,8;0;25;57;0,3;0;0;0;0;0;20;120;0,06;0,05;0,5;0;20
418;Ciruela de huesito;80;0,9;0,8;17,9;17,9;0;25;39;1,1;0;0;0;0;0;33;198;0,11;0,08;0,6;0;53
419;Ciruela morada (importada);57;0,7;0,2;13,2;14,9;1,7;17;24;0,5;0;0;0;0;0;30;180;0,05;0,03;0,4;0;5
420;Ciruela pasa;272;2,3;0,6;64,3;72,6;8,3;54;85;3,9;0;0;0;0;0;189;1.134;0,1;0,16;1,7;0;3
421;Coco maduro;295;3,5;27,2;9,1;17,5;8,4;13;83;1,8;39;0,79;0;35;379;0;0;0,04;0,03;0,6;0,06;4
422;Coco tierno;117;1,9;11,9;0,6;4,7;4,1;11;42;1,1;0;0;0;0;0;0;0;0,05;0,03;0,8;0;7
423;Curuba;29;0,6;0,1;6,6;6,6;0;4;20;0,4;0;0;0;0;0;170;1020;0;0,03;2,5;0;40
424;Chirimorriñón (Chirimoya);91;1,1;0,2;23,2;23,2;0;34;35;0,6;0;0;0;0;0;0;0;0,09;0,13;0,9;0;17
425;Chirimoya (Corazón);91;1,1;1,2;20,3;20,3;0;23;19;0,7;0;0;0;0;0;0;0;0,05;0,13;0,7;0;21
426;Dátil seco;281;2,2;0,6;66,7;75,4;8,7;72;60;2,1;34;0,3;0,22;8;590;6;36;0,09;0,1;2,2;0,13;0
427;Durazno criollo;49;0,4;0,1;11,7;13,3;1,6;14;22;0,6;0;0;0;0;0;20;120;0,05;0,03;0,3;0;17
428;Fresa;39;0,8;0,5;7,9;9,7;1,8;28;27;0,8;15;0,27;0,05;3;147;6;36;0,03;0,07;0,3;0,06;60
429;Fruta de pan;90;1,3;0,5;21,9;21,9;0;27;33;1,9;0;0;0;0;0;0;0;0,1;0,06;0,7;0;29
430;Granada;69;0,7;0,5;15,5;17,9;2,4;7;25;0,5;3;0,2;0,12;7;290;0;0;0,07;0,02;0,9;0;8
431;Grappe fruit;32;0,8;0;7,2;8,1;0,9;48;18;1,8;9;0;0,02;3;200;0;0;0,04;0,03;0,2;0,03;34
432;Guama;67;1;0,1;16,7;16,7;0;21;20;0,9;0;0;0;0;0;0;0;0,04;0,06;0,4;0;9
433;Guanábana;63;1;0,4;14,9;14,9;0;24;28;0,5;20;0,34;0,13;14;275;0;0;0,07;0,05;0,9;0,06;26
434;Guayaba colorada o rosada;29;1;0,4;5,4;8,9;3,5;23;32;1,1;0;0;0;0;0;687;4.122;0,05;0,06;0,8;0;160
435;Guayaba parcha o blanca;49;1;0,5;10,2;15,9;5,7;18;23;1,8;13;0,56;0;4;290;64;384;0,11;0,05;0,8;0;291
436;Higo;85;1,4;0,4;18,9;21,3;2,4;54;32;0,6;20;0,24;0,08;2;240;8;48;0,06;0,05;0,5;0,11;2
437;Higo seco;252;4;1,2;56,2;69,4;13,2;186;111;3;80;0,7;0,3;62;970;8;48;0,16;0,12;1,7;0,13;0
438;Icaco;51;0,4;0,1;13,1;13,1;0;37;18;0,5;0;0;0;0;0;0;0;0,04;0,09;0,6;0;7
439;Jobo amarillo;77;0,8;2,1;14,8;14,8;0;26;31;2,2;0;0;0;0;0;25;150;0,08;0,06;0,5;0;28
440;Kiwi;60;1;0,6;12,6;12,6;2,1;38;31;0,8;24;0,11;0,1;4;295;8;48;0,02;0,05;0,4;0;71
441;Lechosa;31;0,6;0,1;6,9;8,4;1,5;19;14;0,3;41;0,04;0;3;211;151;906;0,03;0,04;0,3;0;60
442;Lima dulce;34;0,7;0,6;7,4;7,4;0;28;20;0,5;0;0;0;0;0;0;0;0,05;0,03;0,2;0,02;41
443;Limón;44;0,9;0,6;9,6;9,6;0;40;22;0,6;0;0,1;0,03;5;150;0;0;0,04;0;0,1;0,11;35
444;Mamey;41;0,3;0,6;9,9;9,9;0;22;13;0,5;0;0;0;0;0;65;390;0,04;0,02;0,3;0;10
445;Mamón;83;1,2;1,3;16,9;16,9;0;12;26;1,1;0;0;0;0;0;35;210;0,08;0,04;1,1;0;12
446;Mandarina;50;0,8;0,3;11,9;11,9;0;33;23;0,4;0;0;0;0;0;42;252;0,07;0,03;0,2;0;25
447;Manga;55;0,6;0,1;12,8;14,8;2;10;13;0,2;0;0;0;0;0;112;672;0,06;0,06;0,6;0;45
448;Mango bocado;62;0,6;0,1;14,6;16,6;2;12;13;0,5;0;0;0;0;0;300;1800;0,04;0,06;0,4;0;70
449;Mango de hilacha;72;0,6;0,1;17,1;18,9;1,8;9;12;0,3;0;0;0;0;0;0;0;0,05;0,06;0,9;0;0
450;Manzana. compota para niños;65;0,5;0,2;16;16;0;5;7;0,4;0;0;0;0;0;8;48;0,01;0,02;0,2;0;35
451;Manzana criolla;42;0,4;0,2;9,7;11,2;1,5;12;23;0,8;0;0;0;0;0;6;36;0,01;0,02;0;0;10
452;Manzana importada;55;0,3;0,3;12,8;14,7;1,9;6;9;0,5;5;0,1;0,03;3;120;6;36;0,03;0,03;0,2;0,66;3
453;Manzana seca;270;1,4;1;63,8;73,2;9,4;19;48;1,4;0;0;0;0;0;0;0;0,1;0,1;1;0;12
454;Melocotón;65;0,5;0,1;15,4;18,4;3;8;22;0,6;9;0,1;0,06;1;160;88;528;0,02;0,05;0,9;0,02;8
455;Melocotón. compota para niños;65;0,8;0,3;15,1;15,1;0;7;19;0,9;0;0;0;0;0;63;378;0,02;0,02;0,6;0;35
456;Melocotón. enlatado con sirup;71;0,4;0,1;17,1;18,2;1,1;5;14;0,4;0;0;0;0;0;45;270;0,01;0,02;0,7;0;4
457;Melocotón seco;253;3;0,6;58,8;70,4;11,6;44;126;6,9;0;0;0;0;0;325;1950;0,01;0,2;5,4;0;19
458;Melón;21;0,6;0,2;4,3;4,6;0,3;15;15;0,4;11;0,12;0,01;8;210;150;900;0,03;0,04;0,5;0,11;25
459;Membrillo;51;0,3;0,5;11,4;17,3;5,9;14;24;0,4;0;0;0;0;0;10;60;0,04;0,03;0,2;0;20
460;Merey;46;0,8;0,3;11,4;11,4;0;10;15;0,5;0;0;0;0;0;40;240;0,07;0,04;0,4;0;227
461;Mora-Zarzamora;66;1,2;0,6;13,9;17,1;3,2;34;36;2;0;0;0;0;0;17;102;0,02;0,04;0,5;0;18
462;Naranja cajera;58;0,7;0,1;13,9;13,9;0;43;17;0,6;0;0;0;0;0;7;42;0,06;0,04;0,3;0;42
463;Naranja china;44;1,4;0,7;8,3;8,3;0;50;19;0,9;0;0;0;0;0;18;108;0,07;0,03;0,3;0;20
464;Naranja Valencia;35;0,7;0;8,8;8,8;0;65;21;1,4;0;0;0;0;0;7;42;0,08;0,04;0,4;0;45
465;Níspero;79;0,4;1;17,9;17,9;0;40;6;0,5;0;0;0;0;0;0;0;0;0,04;0,2;0;7
466;Níspero del Japón;47;0,5;0,8;10,5;10,5;0;60;11;0,5;0;0;0;0;0;164;984;0,02;0,04;0,4;0;1
467;Parcha granadina;33;0,8;0,6;6,9;6,9;0;16;27;0,7;0;0;0;0;0;5;30;0,01;0,08;1;0;64
468;Parcha morada;51;1,3;0,6;10,5;10,5;0;22;23;0,7;0;0;0;0;0;86;516;0;0,1;1,7;0;63
469;Parchita;78;1,8;3,4;13,9;13,9;0;20;9;1,6;29;0,5;0;19;200;63;378;0,1;1,12;1,5;0;16
470;Patilla;21;0,5;0;4,8;5,1;0,3;11;8;0,8;8;0,1;0,02;2;100;40;240;0,03;0,03;0,2;0,14;4
471;Pera;63;0,7;0,4;14,2;17,2;3;13;16;0,3;8;0,2;0,72;2;126;3;18;0,02;0,04;0,1;0,02;4
472;Pera. compota para niños;53;0,7;0,2;13,1;13,1;0;11;13;0,2;0;0;0;0;0;4;24;0,01;0,02;0,2;0;35
473;Pera enlatada. con sirup;74;0,2;0,1;18,1;18,1;1,1;8;10;0,2;0;0;0;0;0;0;0;0,01;0,02;0,1;0;2
474;Piña;55;0,4;0,2;8,4;14,1;5,7;16;11;0,5;17;0,12;0,01;2;173;14;84;0,08;0,02;0,2;0,07;26
475;Pitahaya;62;1,4;0,4;14,6;14,6;0;10;26;1,3;0;0;0;0;0;0;0;0,04;0,04;0,3;0;8
476;Plátano maduro;137;1,2;0,4;32,1;34;1,9;5;38;1;0;0;0;0;0;158;948;0,05;0,07;0,8;0;15
477;Plátano maduro horneado;168;1,5;0,2;40,1;42,8;2,7;6;38;1,1;0;0;0;0;0;221;1.326;0,07;0,08;0,8;0;4
478;Plátano maduro sancochado;133;1,2;0,3;31,4;33,7;2,3;6;34;0,8;0;0;0;0;0;173;1.038;0,05;0,06;0,7;0;6
479;Plátano pintón;147;1,2;0,2;35,1;37,3;2,2;4;40;1,1;0;0;0;0;0;0;0;0,06;0,09;0,7;0;10
480;Plátano verde;148;1,4;0,3;34,9;37,1;2,2;5;47;0,7;0;0;0;0;0;215;1290;0,07;0,06;0,7;0;15
481;Plátano verde asado;201;1,5;0,5;47,9;47,9;0;9;55;1,7;0;0;0;0;0;283;1.698;0,12;0,06;0,7;0;7
482;Plátano verde. Harina de;332;2,7;1,6;76,6;82,7;6,1;26;47;1,8;0;0;0;0;0;175;1050;0,13;0,07;1,1;0;0
483;Plátano verde sancochado;138;1,4;0,2;32,7;36,7;4;6;35;0,6;0;0;0;0;0;189;1.134;0,07;0,06;0,7;0;9
484;Plátano verde. sopa de;74;0,4;3,3;11,2;11,2;0;40;40;0,2;0;0;0;0;0;53;318;0,02;0,02;0,2;0;0
485;Pomarrosa;67;0,6;0,2;17;17;0;35;16;0,6;0;0;0;0;0;40;240;0,02;0,02;0,7;0;14
486;Riñón;87;2,1;0,9;19,2;19,2;0;34;57;0,8;0;0;0;0;0;0;0;0,16;0,15;1,1;0;6
487;Semeruco;40;0,4;0,4;9,1;9,1;0;12;11;0,2;0;0;0;0;0;0;0;0,03;0,05;0,6;0;1100
488;Tamarindo;296;2,4;0,3;73,7;73,7;0;73;79;1,3;0;0;0,22;3;570;7;42;0,58;0,14;1,2;0;6
489;Tomate francés (de árbol);44;1,8;0,4;11,2;11,2;0;18;37;1,3;21;0;0;0;320;93;558;0,11;0,05;1,3;0;18
490;Toronja;38;0,6;0,2;8,5;9,3;0,8;26;26;0,5;0;0,08;0,08;2;192;6;36;0,04;0,02;0,2;0,07;30
491;Tuna sin semilla;75;0,5;0,1;18,4;18,4;0;26;16;0,8;0;0;0;0;0;0;0;0;0,03;0,2;0;20
492;Urupagua;200;2,7;3,6;40,9;40,9;0;28;34;2,4;0;0;0;0;0;0;0;0,04;0,07;0,6;0;18
493;Uva;68;0,7;0,3;15,7;17,2;1,5;17;21;0,6;9;0,06;0,08;2;192;8;48;0,06;0,04;0,2;0,07;4
494;Uva de playa;81;1,4;0,3;20,3;20,3;0;54;33;1,2;0;0;0;0;0;0;0;0,03;0,03;0,6;0;17
495;Uva pasa;277;2,3;0,5;65,9;71,2;5,3;78;129;3,3;0;0;0;0;0;5;30;0,15;0,08;0,5;0;0
496;Zapote (mamey colorado);111;1,2;1;25,2;25,2;0;48;28;0,6;0;0;0;0;0;45;270;0,01;0,11;1,7;0;19
497;Arepa con carne mechada;160;15,5;2,7;18,5;20,8;2,3;11;92;1,8;0;2,3;0;0;0;0;0;0;0;2,2;0;0
498;Arepa con ensalada de gallina y aguacate;158;9,1;4,7;19,9;22,1;2,2;12;61;1,3;0;0,6;0;0;0;0;0;0;0;3,5;0;0
499;Arepa con jamón y queso amarillo;176;8,6;7,4;18,8;20,6;1,8;111;155;1,2;0;1,1;0;0;0;0;0;0;0;2;0;0
500;Arepa con pollo;160;10,9;3,8;20,7;22,7;2;12;84;1,6;0;0;0;0;0;0;0;0;0;3,2;0;0
501;Arepa con queso guayanés;198;8,8;8,4;21,7;24,2;2,5;114;114;1,2;0;1,1;0;0;0;0;0;0;0;0,6;0;0
502;Bocadillo de guayaba ;322;0,4;0;80,1;80,1;0;23;16;1,1;0;0;0;0;0;11;66;0,04;0,13;0,9;0;0
503;Cachapa de budare ;137;4;1,3;27,3;34,2;6,9;36;113;2,5;0;0;0;0;0;0;0;0,24;0,12;1,4;0;0
504;Cafunga ;156;3,7;3,3;27,8;27,8;0;134;44;0,4;0;0;0;0;0;28;168;0,05;0,07;0,3;0;0
505;Carne mechada. frita ;247;21,3;16,5;0;3,3;0;53;148;3,3;0;0;0;0;0;0;0;0,05;0,17;3,7;0;0
506;Casabe ;333;1,3;0,6;80,6;84,7;4,1;60;78;3,1;0;0;0;0;0;0;0;0,08;0,05;0,7;0;0
507;Catalina ;343;8,1;0,8;76,4;76,4;0;88;101;10,4;0;0;0;0;0;0;0;0;0,15;1,5;0;0
508;Cotufa;50;12;5,6;62,8;72,8;10;39;284;5;0;0;0;0;0;0;0;0;0,23;2,4;0;0
509;Churro ;373;11,1;3,2;75,4;75,4;0;36;89;1,9;0;0;0;0;0;0;0;0,13;0,09;1;0;0
510;Empanada de caraota ;253;4,1;13,4;29,1;29,1;0;69;67;2,1;0;0;0;0;0;0;0;0,07;0,05;0,3;0;0
511;Empanada de carne ;282;5,8;14,7;31,7;31,7;0;48;57;2,6;0;0;0;0;0;0;0;0,03;0,06;0,8;0;0
512;Empanada de cazón ;262;8,6;16;21;21;0;0;0;1;0;0;0;0;0;0;0;0,03;0,04;0,7;0;0
513;Empanada de queso ;292;6,1;15,7;31,6;31,6;0;107;124;1,2;0;0;0;0;0;0;0;0,02;0,12;0,2;0;0
514;Flan preparado;113;2,9;3,4;17,8;17,8;0;0;0;0;0;0;0;0;0;0;0;0;0;0;0;0
515;Gelatina preparada;67;1,6;0;15,2;15,2;0;0;0;0;0;0;0;0;0;0;0;0;0;0;0;0
516;Golfeado ;326;5,2;5,5;64,4;64,4;0;150;131;3;0;0;0;0;0;0;0;0,11;0,08;0,6;0;0
517;Hallaca criolla ;183;6,5;10,8;15;15;0;39;60;1,2;0;0;0;0;0;0;0;0,07;0,08;1,2;0;9
518;Hamburguesa con queso;247;12,3;11,8;23;24,6;1,6;0;0;0;0;0;0;0;0;0;0;0,14;0,16;2,2;0;0
519;Hamburguesa doble carne. doble queso;285;16,3;16,1;18,7;20,3;1,6;0;0;0;0;0;0;0;0;0;0;0,06;0,18;2,7;0;0
520;Hamburguesa con queso y mayonesa;250;14;14,1;16,7;18,3;1,6;0;0;0;0;0;0;0;0;0;0;0,06;0,16;2,1;0;0
521;Hervido de gallina ;74;2,4;4,2;7,2;7,2;0;77;47;1;0;0;0;0;0;5;0;0,05;0,03;1;0;6
522;Hervido de pescado ;49;8,6;3;3,2;3,2;0;108;73;0,5;0;0;0;0;0;5;0;0,05;0,04;0,8;0;6
523;Hervido de res ;60;2,8;3,1;6,5;6,5;0;58;40;0,7;0;0;0;0;0;67;0;0,04;0,03;0,8;0;3
524;Jalea de mango ;185;0,5;1;43,7;43,7;0;94;31;3,9;0;0;0;0;0;95;570;0,02;0,07;0,4;0;6
525;Majarete ;128;1,3;2,9;24,2;24,2;0;75;21;3;0;0;0;0;0;3;18;0,01;0,03;0,2;0;0
526;Mermelada;287;0,5;0,3;71,2;71,2;0;12;12;0,3;0;0;0;0;0;0;0;0,02;0,02;0,2;0;6
527;Mondongo (sopa) ;95;6,9;4,9;6,1;6,1;0;62;39;1,9;0;0;0;0;0;114;0;0,06;0,04;0,7;0;4
528;Pabellón ;136;10,4;4,9;12,6;16,9;4,3;39;132;2,5;0;0;0;0;0;0;0;0,08;0,07;1,3;0;0
529;Papas fritas;318;4,5;11,3;49,5;53,1;3,6;15;20;0,5;10;0,55;0;167;164;0;0;0,13;0,01;2,5;0,25;28
530;Pelota ;111;0,5;2,1;22,5;22,5;0;27;7;2,5;0;0;0;0;0;10;60;0,01;0,03;0,1;0;0
531;Plátano maduro frito (tajadas) ;224;1,4;9,2;34;39,2;5,2;6;36;1;0;0;0;0;0;259;1.554;0,07;0,08;0,8;0;15
532;Dulce de Plátano maduro ;211;1,5;0,9;49,5;49,5;0;27;41;1;0;0;0;0;0;198;1.188;0,11;0,06;0,6;0;9
533;Tostones de Plátano verde;252;1,9;10,1;38,3;51,8;13,5;9;78;0,8;0;0;0;0;0;316;1.896;0,09;0,1;0,9;0;18
534;Pudín preparado ;130;3,4;3,1;22,2;22,2;0;0;0;0;0;0;0;0;0;0;0;0;0;0;0;0
535;Tapioca seca;350;0,6;0,2;86,5;86,5;0;12;12;1;0;0;0;0;0;0;0;0;0;0;0;0
536;Aceite;900;0;100;0;0;0;0;0;0;0;0;0;0;0;0;0;0;0;0;0;0
537;Azúcar blanca;398;0;0;99,5;99,5;0;0;0;0;0;0;0;0;0;0;0;0;0;0;0;0
538;Azúcar morena;383;0;0;95,8;95,8;0;76;37;2,6;0;0;0;0;0;0;0;0;0;0;0;0
539;Cacao. grano íntegro sin cáscara;563;12,4;43,7;34,3;34,3;0;130;500;5,8;0;0;0;0;0;4;24;0,18;0,16;1,9;0;0
540;Café tostado;398;14,2;14;61,4;61,4;0;150;200;5;0;0;0;0;0;0;0;0,07;0,1;35;0;0
541;Cereal con chocolate. tipo Müsli ;351;6,7;4,4;71,1;77,8;6,7;0;0;7,8;0;2;0;444;256;556;0;0,61;0,94;0;1,11;0
542;Cereal con fruta. tipo Müsli ;331;6,7;2,2;71,1;80;8,9;0;0;7,8;0;2;0;689;244;556;0;0,61;0,94;10,6;1,11;0
543;Cereales Infantiles  con leche ;410;16;8;69,2;69,2;0;500;238;15;0;0;0;0;0;900;0;1;1,2;10;0;35
544;Cereales Infantiles sin leche ;356;16;0,8;72,2;72,2;0;500;300;15;0;0;0;0;0;900;0;1;1,2;10;0;0
545;Cereales Infantiles sin leche ;365;9,6;2,6;78,9;78,9;0;500;450;15;0;0;0;0;0;900;0;1;1,2;35;0;35
546;Chocolate simple dulce;467;3,8;16,8;76,1;76,1;0;46;150;2,8;0;0;0;0;0;0;0;0,05;0,09;0,5;0;0
547;Ensalada de frutas enlatada;75;0,4;0,2;17,9;19;1,1;9;12;0,4;0;0;0;0;0;16;96;0,01;0,01;0,4;0;0
548;Ensalada de vegetales a la Mayonesa enlatada;83;1,3;3,8;12,1;12,1;0;23;27;0,6;0;0;0;0;0;262;0;0,06;0,03;0,5;0;0
549;Flan en polvo;395;0;0,2;98,2;98,2;0;0;0;0;0;0;0;0;0;0;0;0;0;0;0;0
550;Gelatina en polvo (con azúcar y sabor);392;9,4;0;28,7;88,7;0;0;0;0;0;0;0;0;0;0;0;0;0;0;0;0
551;Gelatina seca natural;343;85,6;0,1;0;0;0;0;0;0;0;0;0;0;0;0;0;0;0;0;0;0
552;Gofio cumanés ;334;0,5;1,4;80,4;80,4;0;41;28;2,3;0;0;0;0;0;0;0;0,04;0,05;0,4;0;0
553;Helado de crema;212;4,1;12;22;22;0;150;119;0,1;0;0;0;0;0;118;0;0,05;0,22;0,1;0;0
554;Helado de leche;125;5;4;25,4;25,4;0;177;140;0,1;0;0;0;0;0;39;70;0,06;0,26;0,1;0;0
555;Lactovisoy ;389;16;0,9;78,4;78,4;0;500;225;15;0;0;0;0;0;330;0;0,8;1;13;1;21
556;Levadura de cerveza. seca;345;36,9;1,6;46,6;46,6;0;106;1893;18;0;0;0;0;0;0;0;9,7;5,5;36,2;0;0
557;Manteca de cerdo;900;0;100;0;0;0;0;0;0;0;0;0;0;0;0;0;0;0;0;0;0
558;Margarina;733;0,6;81;0,4;0,4;0;20;16;0;0;0;0;0;0;510;0;0;0;0;0;0
559;Mayonesa;748;1,1;80;6,2;6,2;0;9;30;0,4;0;0;0;0;0;34;61;0,02;0,03;0;0;0
560;Melaza;260;0;0;65;65;0;579;85;11,3;0;0;0;0;0;0;0;0,28;0,25;2,1;0;0
561;Mezcla para hacer cachapa;366;6,9;1,5;81,3;81,3;0;17;135;5;0;0;0;0;0;0;0;0,1;0,04;2,4;0;0
562;Mezcla para hacer panqueca;343;8,8;0,5;75,8;77,8;2;436;738;3,2;0;0;0;0;0;0;0;0,28;0,12;4,8;0;0
563;Miel de abeja;319;0,3;0;79,5;79,5;0;5;16;0,9;2;0,9;0,05;7;35;0;0;0;0,04;0,2;0;4
564;Miel de caña;296;0,5;0,2;73,1;73,1;0;70;42;1,2;0;0;0;0;0;0;0;0,02;0,06;0,4;0;3
565;Mostaza;84;4,7;4,4;6,4;6,4;0;84;73;2;48;0;0;1252;130;80;0;0,1;0,2;0,8;0;1
566;Palitos de maíz con queso con leche en polvo;528;6,2;30;58,4;58,4;0;63;79;1,2;0;0;0;0;0;0;0;0,04;0,06;0,5;0;0
567;Palitos de maíz con queso sin leche en polvo;496;6;24;58,4;64;0;33;55;1,1;0;0;0;0;0;0;0;0,02;0,06;0,5;0;0
568;Papelón blanco ;371;0,2;0;92,5;92,5;0;70;5;1,1;0;0;0;0;0;0;0;0,01;0,05;0,3;0;0
569;Papelón negro ;370;0,6;0;92,5;92;0;174;14;4,2;0;0;0;0;0;0;0;0,01;0,09;0,5;0;0
570;Papelón rojo ;360;0,7;0;89,4;89,4;0;236;12;5;0;0;0;0;0;0;0;0,01;0,08;0,5;0;0
571;Pasta de tomate;78;5,2;0,2;13,8;18,8;5;53;107;2;19;0,1;0,4;1120;590;287;1722;0,3;0,2;3,6;0,03;28
572;Productos en polvo a base de azúcar. cacao y leche;393;6,8;2,3;86,3;86,3;0;275;197;2,5;0;0;0;0;0;900;0;1;1,5;10;0;0
573;Pudín en polvo;382;0;0,3;94,9;94,9;0;0;0;0;0;0;0;0;0;0;0;0;0;0;0;0
574;Caldo con fideos o arroz;320;18,8;4,3;51,9;51,9;0;0;0;0;0;0;0;0;0;0;0;0;0;0;0;0
575;Crema de pollo;393;15,2;14,1;51,5;51,5;0;0;0;0;0;0;0;0;0;0;0;0;0;0;0;0
576;Crema de vegetales;352;12,6;9,1;55,9;55,9;0;0;0;0;0;0;0;0;0;0;0;0;0;0;0;0
577;Cubito de carne ;246;12,1;15,9;13,5;13,5;0;53;59;3,8;0;0;0;0;0;0;0;0;0;0;0;0
578;Cubito de pollo ;265;9,7;17,8;16,4;16,4;0;139;90;3,7;0;0;0;0;0;0;0;0;0;0;0;0
579;Minesone;0;13,5;6,7;58,7;58,7;0;0;0;0;0;0;0;0;0;0;0;0;0;0;0;0
580;Sorbete de fruta;152;1,1;1,5;33,6;33,6;0;40;32;0;0;0;0;0;0;15;90;0,01;0,06;0;0;0
581;Tomate. puré de;39;1,7;0,1;7,8;10,1;2,3;15;40;0,9;0;0;0;0;0;136;816;0,07;0,05;1,7;0;35
582;Tomate. salsa de (tipo Ketchup);94;2;0,4;20,6;24,5;3,9;12;18;0,8;0;0;0;0;0;190;1140;0,09;0,07;22;0;10
583;Aguardiente (4% alcohol);278;0;0;0;0;0;0;0;0;0;0;0;0;0;0;0;0;0;0;0;0
584;Cerveza (5% alcohol);48;0,6;0;3,8;3,8;0;4;26;0;0;0;0;0;0;0;0;0;0,03;0,2;0;0
585;Ginebra (45% alcohol);263;0;0;0;0;0;0;0;0;0;0;0;0;0;0;0;0;0;0;0;0
586;Ponche Crema (14% alcohol);220;4,5;5,2;14,4;14,4;0;0;0;0;0;0;0;0;0;0;0;0;0;0;0;0
587;Ron (44% alcohol);305;0;0;0;0;0;0;0;0;0;0;0;0;0;0;0;0;0;0;0;0
588;Vino (promedio 7.5% alcohol);53;0;0;0,1;0,1;0;10;10;0;0;0;0;0;0;0;0;0;0;0;0;0
589;Vodka (4% alcohol);231;0;0;0;0;0;0;0;0;0;0;0;0;0;0;0;0;0;0;0;0
590;Whisky (42.2% alcohol);293;0;0;0;0;0;0;0;0;0;0;0;0;0;0;0;0;0;0;0;0
591;Bebida gaseosa;48;0;0;12;12;0;0;20;0,2;0;0;0;0;0;0;0;0;0;0;0;0
592;Café. infusión sin azúcar;5;0,3;0,1;0,8;0,8;0;5;5;0,2;0;0;0;0;0;0;0;0,01;0,01;2,6;0;0
593;Caña. jugo de;63;0,2;0;15,5;15,5;0;36;13;1,6;0;0;0;0;0;0;0;0,02;0,01;0,1;0;0
594;Coco. agua de;18;0,2;0,1;4,1;4,1;0;20;11;0,4;0;0;0;0;0;0;0;0;0,01;0,1;0;2
595;Chicha ;98;0,6;0;23,8;23,8;0;25;35;0,6;0;0;0;0;0;0;0;0,03;0,03;0,1;0;0
596;Chicha envasada (pure-pak) ;85;1,6;0,1;19,5;19,5;0;20;60;0,5;0;0;0;0;0;0;0;0,01;0,02;0,2;0;0
597;Malta;48;0,6;0;11,5;11,5;0;31;58;0,4;0;0;0;0;0;0;0;0,03;0,04;0,7;0;0
598;Manzana. jugo enlatado;55;0,1;0;13,7;13,7;0;6;10;0,5;0;0;0;0;0;4;24;0,02;0,03;0;0;1
599;Naranja. jugo fresco;29;0,4;0;6,9;6,9;0;10;15;1,1;0;0;0;0;0;7;42;0,06;0,02;0,2;0;45
600;Naranjada;21;0,2;0;5;5;0;0;0;0;0;0;0;0;0;0;0;0;0;0;0;35
601;Piña. jugo enlatado;63;0,3;0,1;15,2;15,2;0;15;8;0,5;0;0;0;0;0;8;48;0,05;0,02;0,2;0;9
602;Té. infusión;2;0,1;0;0,4;0,4;0;5;4;0,2;0;0;0;0;0;0;0;0;0,04;0,1;0;0
603;Uva. jugo de;74;0,4;0;18,2;18,2;0;10;10;0,3;0;0;0;0;0;0;0;0,04;0,05;0,2;0;0
604;Almendra;579;18,6;54,1;4,3;19,6;15,3;254;475;4,4;170;2,17;0,85;0;835;0;0;0,25;0,67;4,6;0;0
605;Avellana;622;12,5;58;12,4;18,6;6;200;350;4,1;0;0;0;0;0;30;180;0,4;0;0;0;3
606;Castaña. cocida;190;3,6;1,9;39,7;48,3;8,6;33;87;1,3;45;0;0,23;2;707;0;0;0,3;0;1,2;0;6
607;Maní tostado. sin película;558;28,8;45,4;8,5;19,6;11,1;36;415;3,2;160;2,8;0,76;11;661;0;0;0,24;0,14;19;0,44;0
608;Merey;567;19,4;42,2;27,3;30,2;2,9;38;497;7,3;267;2,1;3,7;14;6;0;0;0,45;0,13;0;0;0
609;Nuez;772;14;63,3;11,5;17,7;6,2;83;380;2,1;0;0;0;0;0;3;18;0,48;0,13;1,2;0;3
610;Nuez del Brasil;692;15,4;67,7;5,3;11,7;6,4;150;814;2,2;160;4;0;2;144;0;0;0,73;0;0,3;0;0
611;Pistacho;581;17,6;51,6;11,6;22,2;10,6;136;500;7,3;158;2,8;0;0;1020;138;828;0,67;0;1,4;0;0
612;Carne de tortuga;228;10,5;20,7;0;0;0;18;126;1,3;0;0;0;0;0;0;0;0;0;5,4;0;0
613;Copoazú;49;1,2;0,4;10,2;11,5;1,3;5;22;0,9;0;0;0;0;0;0;0;0;0,07;0,7;0;0
614;Chufa;317;4,9;15;45,4;45,4;0;116;222;9,8;0;0;0;0;0;12;72;0,29;0,22;1,6;0;0
615;Guayaba brasilera;12;0,5;0;2,4;3,3;0,9;5;11;0,2;0;0;0;0;0;0;0;0;0;0,4;0;0
616;Harina de plátano;330;2,9;0,2;79,2;85,2;6;20;71;3,3;0;0;0;0;0;0;0;0,15;0;1,2;0;0
617;Larvas de guásimo;55;7,8;1,2;3,3;3,3;0;90;80;1,5;0;0;0;0;0;0;0;0;0;1,2;0;0
618;Manirote (también conocido;58;0,8;0,6;13,4;13,4;0;30;22;1,2;0;0;0;0;0;270;1.620;0;0,06;0,6;0;15
619;Mañoco ;369;1,6;0,4;78,2;86,4;8,2;72;60;3,3;0;0;0;0;0;0;0;0,05;0,05;1,4;0;0
620;Mañoco de pijiguao;378;4,9;12,1;62,4;75;12,6;32;52;3,8;0;0;0;0;0;0;0;0;0,01;1,9;0;0
621;Moriche gusano de. asado ;230;8,2;19,2;5,9;5,9;0;20;122;0,8;0;0;0;0;0;0;0;0,9;2,23;11,6;0;0
622;Pijiguao;132;3,7;5;12;22,3;10,3;46;36;1;0;0;0;0;0;0;0;0;0;0;0;0
623;Tupiro;20;0,5;0;4,4;6,3;1,9;7;17;0,7;0;0;0;0;0;0;0;0;0;1,1;0;0
624;Yorumo ;285;0,2;0,2;70,9;70,9;0;51;12;1;0;0;0;0;0;0;0;0;0,02;0,2;0;0
625;Sal ;0;0;0;0;0;0;0;0;0;0;0;0;40000;0;0;0;0;0;0;0;0
626;Canela;0;0;0;0;0;0;0;0;0;0;0;0;0;0;0;0;0;0;0;0;0
627;Cebollin;43;1,4;0,2;9;11,1;2,1;34;44;0,4;4;0,2;0,05;3;160;5;30;0,03;0,04;0,2;0,2;9
628;Vinagre;0;0;0;0;0;0;0;0;0;0;0;0;0;0;0;0;0;0;0;0;0
629;Alcaparra;0;0;0;0;0;0;0;0;0;0;0;0;0;0;0;0;0;0;0;0;0
630;Menudencias de pollo;0;0;0;0;0;0;0;0;0;0;0;0;0;0;0;0;0;0;0;0;0
631;Vainilla;0;0;0;0;0;0;0;0;0;0;0;0;0;0;0;0;0;0;0;0;0
632;Queso Camenbert;0;0;0;0;0;0;0;0;0;0;0;0;0;0;0;0;0;0;0;0;0
633;Queso Pategrás;0;0;0;0;0;0;0;0;0;0;0;0;0;0;0;0;0;0;0;0;0
634;Cebolla morada;0;0;0;0;0;0;0;0;0;0;0;0;0;0;0;0;0;0;0;0;0
635;Endivia;0;0;0;0;0;0;0;0;0;0;0;0;0;0;0;0;0;0;0;0;0
636;Cereza;0;0;0;0;0;0;0;0;0;0;0;0;0;0;0;0;0;0;0;0;0
637;Jugo de Limón;0;0;0;0;0;0;0;0;0;0;0;0;0;0;0;0;0;0;0;0;0
638;Dulce de Membrillo;0;0;0;0;0;0;0;0;0;0;0;0;0;0;0;0;0;0;0;0;0
639;Pasitas;0;0;0;0;0;0;0;0;0;0;0;0;0;0;0;0;0;0;0;0;0
640;Albahaca;0;0;0;0;0;0;0;0;0;0;0;0;0;0;0;0;0;0;0;0;0
641;Cilantro;0;0;0;0;0;0;0;0;0;0;0;0;0;0;0;0;0;0;0;0;0
642;Comino;0;0;0;0;0;0;0;0;0;0;0;0;0;0;0;0;0;0;0;0;0
643;Laurel;0;0;0;0;0;0;0;0;0;0;0;0;0;0;0;0;0;0;0;0;0
644;Nuez  moscada;0;0;0;0;0;0;0;0;0;0;0;0;0;0;0;0;0;0;0;0;0
645;Oregano;0;0;0;0;0;0;0;0;0;0;0;0;0;0;0;0;0;0;0;0;0
646;Pimenta Blanca;0;0;0;0;0;0;0;0;0;0;0;0;0;0;0;0;0;0;0;0;0
647;Bebida gaseosa;0;0;0;0;0;0;0;0;0;0;0;0;0;0;0;0;0;0;0;0;0
648;Romero;0;0;0;0;0;0;0;0;0;0;0;0;0;0;0;0;0;0;0;0;0
649;Bebida gaseosa;321;10;5;55;55;0;0;0;0;0;0;0;0,6;0;0;0;0;0;0;0;0
650;Salsa Inglesa;0;0;0;0;0;0;0;0;0;0;0;0;0;0;0;0;0;0;0;0;0
652;Bebida gaseosa;748;1,1;80;6,2;6,2;0;9;30;0,4;0;0;0;0;0;34;61;0,02;0,03;0;0;0
651;Bebida gaseosa;0;0;0;0;0;0;0;0;0;0;0;0;0;0;0;0;0;0;0;0;0
653;Anís dulce;0;0;0;0;0;0;0;0;0;0;0;0;0;0;0;0;0;0;0;0;0